star_age,star_mass,star_mdot,log_L,log_Teff,log_R,log_surf_z,v_wind_Km_per_s,log_center_T,log_center_Rho,phase,x
3.22520331e+02,1.34999599e+02,-1.35228012e-06,6.37983924,4.53783634,1.63692409,-3.34509857,2.75991203e+01,7.30924477,-7.83117983e-01,-1,-1.0
3.28233297e+02,1.34999591e+02,-1.35641959e-06,6.37963283,4.53849530,1.63550296,-3.34509857,2.78044394e+01,7.31025934,-7.80180947e-01,-1,-0.999248611396102
3.33946263e+02,1.34999583e+02,-1.36055907e-06,6.37942642,4.53915426,1.63408183,-3.34509857,2.80097585e+01,7.31127391,-7.77243912e-01,-1,-0.998497222792204
3.39659230e+02,1.34999575e+02,-1.36469854e-06,6.37922001,4.53981323,1.63266070,-3.34509857,2.82150777e+01,7.31228848,-7.74306877e-01,-1,-0.9977458340567826
3.45372196e+02,1.34999567e+02,-1.36883802e-06,6.37901360,4.54047219,1.63123958,-3.34509857,2.84203968e+01,7.31330306,-7.71369842e-01,-1,-0.9969944454528846
3.51085162e+02,1.34999559e+02,-1.37297750e-06,6.37880719,4.54113115,1.62981845,-3.34509858,2.86257159e+01,7.31431763,-7.68432806e-01,-1,-0.9962430568489866
3.56798128e+02,1.34999551e+02,-1.37711697e-06,6.37860078,4.54179011,1.62839732,-3.34509858,2.88310350e+01,7.31533220,-7.65495771e-01,-1,-0.9954916682450886
3.62511094e+02,1.34999543e+02,-1.38125645e-06,6.37839437,4.54244907,1.62697619,-3.34509858,2.90363542e+01,7.31634678,-7.62558736e-01,-1,-0.9947402796411906
3.68224060e+02,1.34999535e+02,-1.38539592e-06,6.37818796,4.54310803,1.62555506,-3.34509858,2.92416733e+01,7.31736135,-7.59621701e-01,-1,-0.9939888910372926
3.74505088e+02,1.34999527e+02,-1.38943800e-06,6.37797312,4.54381682,1.62403008,-3.34509858,2.94588796e+01,7.31845876,-7.56444139e-01,-1,-0.993162788998533
3.80966794e+02,1.34999518e+02,-1.39344911e-06,6.37775560,4.54454144,1.62247207,-3.34509859,2.96798668e+01,7.31958251,-7.53190076e-01,-1,-0.9923129235783399
3.87428500e+02,1.34999508e+02,-1.39746021e-06,6.37753808,4.54526607,1.62091405,-3.34509859,2.99008540e+01,7.32070626,-7.49936012e-01,-1,-0.9914630581581467
3.93890206e+02,1.34999499e+02,-1.40147132e-06,6.37732057,4.54599070,1.61935604,-3.34509859,3.01218412e+01,7.32183001,-7.46681949e-01,-1,-0.9906131927379536
4.00351912e+02,1.34999490e+02,-1.40548242e-06,6.37710305,4.54671532,1.61779803,-3.34509859,3.03428284e+01,7.32295377,-7.43427885e-01,-1,-0.9897633273177603
4.06813618e+02,1.34999481e+02,-1.40949352e-06,6.37688553,4.54743995,1.61624002,-3.34509860,3.05638156e+01,7.32407752,-7.40173822e-01,-1,-0.9889134618975671
4.13275324e+02,1.34999472e+02,-1.41350463e-06,6.37666801,4.54816458,1.61468200,-3.34509860,3.07848028e+01,7.32520127,-7.36919758e-01,-1,-0.988063596477374
4.20330693e+02,1.34999462e+02,-1.41752152e-06,6.37644438,4.54893852,1.61302229,-3.34509860,3.10194601e+01,7.32640792,-7.33423968e-01,-1,-0.9871356504922421
4.27515039e+02,1.34999451e+02,-1.42153968e-06,6.37621941,4.54972318,1.61134049,-3.34509860,3.12570873e+01,7.32763257,-7.29875662e-01,-1,-0.986190741015998
4.34699386e+02,1.34999441e+02,-1.42555783e-06,6.37599445,4.55050784,1.60965869,-3.34509861,3.14947146e+01,7.32885723,-7.26327355e-01,-1,-0.9852458314082305
4.41883732e+02,1.34999431e+02,-1.42957599e-06,6.37576949,4.55129251,1.60797688,-3.34509861,3.17323418e+01,7.33008189,-7.22779048e-01,-1,-0.9843009219319865
4.49068079e+02,1.34999420e+02,-1.43359414e-06,6.37554452,4.55207717,1.60629508,-3.34509861,3.19699690e+01,7.33130654,-7.19230742e-01,-1,-0.983356012324219
4.56252425e+02,1.34999410e+02,-1.43761229e-06,6.37531956,4.55286183,1.60461328,-3.34509861,3.22075963e+01,7.33253120,-7.15682435e-01,-1,-0.982411102847975
4.63941276e+02,1.34999399e+02,-1.44126746e-06,6.37509221,4.55368474,1.60285377,-3.34509861,3.24475638e+01,7.33382150,-7.11942944e-01,-1,-0.9813998391683959
4.71910875e+02,1.34999387e+02,-1.44472063e-06,6.37486353,4.55452895,1.60105101,-3.34509862,3.26888338e+01,7.33514833,-7.08097064e-01,-1,-0.980351650562646
4.79880473e+02,1.34999376e+02,-1.44817379e-06,6.37463486,4.55537316,1.59924826,-3.34509862,3.29301037e+01,7.33647516,-7.04251183e-01,-1,-0.9793034620884195
4.87850071e+02,1.34999364e+02,-1.45162696e-06,6.37440619,4.55621737,1.59744551,-3.34509862,3.31713736e+01,7.33780200,-7.00405302e-01,-1,-0.9782552736141928
4.95819670e+02,1.34999352e+02,-1.45508013e-06,6.37417751,4.55706158,1.59564275,-3.34509862,3.34126436e+01,7.33912883,-6.96559422e-01,-1,-0.9772070850084429
5.03789268e+02,1.34999341e+02,-1.45853329e-06,6.37394884,4.55790579,1.59384000,-3.34509862,3.36539135e+01,7.34045566,-6.92713541e-01,-1,-0.9761588965342163
5.11758866e+02,1.34999329e+02,-1.46198646e-06,6.37372016,4.55875000,1.59203724,-3.34509862,3.38951834e+01,7.34178249,-6.88867660e-01,-1,-0.9751107080599898
5.20626737e+02,1.34999316e+02,-1.46557358e-06,6.37348943,4.55965811,1.59010564,-3.34509862,3.41576783e+01,7.34322053,-6.84697783e-01,-1,-0.9739443756837359
5.29533778e+02,1.34999302e+02,-1.46916655e-06,6.37325860,4.56056901,1.58816842,-3.34509863,3.44210987e+01,7.34466342,-6.80513777e-01,-1,-0.972772891536648
5.38440819e+02,1.34999289e+02,-1.47275951e-06,6.37302778,4.56147992,1.58623121,-3.34509863,3.46845191e+01,7.34610630,-6.76329772e-01,-1,-0.97160140738956
5.47347860e+02,1.34999276e+02,-1.47635247e-06,6.37279695,4.56239082,1.58429399,-3.34509863,3.49479396e+01,7.34754919,-6.72145766e-01,-1,-0.9704299232424721
5.56254901e+02,1.34999263e+02,-1.47994544e-06,6.37256612,4.56330172,1.58235677,-3.34509863,3.52113600e+01,7.34899208,-6.67961761e-01,-1,-0.9692584390953842
5.65161943e+02,1.34999249e+02,-1.48353840e-06,6.37233530,4.56421263,1.58041955,-3.34509863,3.54747804e+01,7.35043496,-6.63777755e-01,-1,-0.968086954816773
5.74068984e+02,1.34999236e+02,-1.48713136e-06,6.37210447,4.56512353,1.57848233,-3.34509863,3.57382009e+01,7.35187785,-6.59593750e-01,-1,-0.9669154706696851
5.83720496e+02,1.34999222e+02,-1.49184851e-06,6.37187031,4.56608773,1.57643684,-3.34509863,3.60454961e+01,7.35341303,-6.55141132e-01,-1,-0.9656460711796154
5.93580394e+02,1.34999207e+02,-1.49688032e-06,6.37163521,4.56706685,1.57436105,-3.34509864,3.63650725e+01,7.35497405,-6.50613327e-01,-1,-0.9643492640582714
6.03440292e+02,1.34999192e+02,-1.50191214e-06,6.37140011,4.56804598,1.57228525,-3.34509864,3.66846488e+01,7.35653506,-6.46085522e-01,-1,-0.9630524569369273
6.13300190e+02,1.34999177e+02,-1.50694395e-06,6.37116501,4.56902510,1.57020946,-3.34509864,3.70042252e+01,7.35809608,-6.41557717e-01,-1,-0.9617556498155831
6.23160088e+02,1.34999162e+02,-1.51197577e-06,6.37092991,4.57000422,1.56813366,-3.34509864,3.73238015e+01,7.35965709,-6.37029913e-01,-1,-0.9604588426942391
6.33157514e+02,1.34999147e+02,-1.51692875e-06,6.37069453,4.57099244,1.56603953,-3.34509865,3.76446631e+01,7.36123420,-6.32455092e-01,-1,-0.9591439474253519
6.43872380e+02,1.34999130e+02,-1.52147052e-06,6.37045770,4.57202814,1.56384972,-3.34509865,3.79722294e+01,7.36289528,-6.27635005e-01,-1,-0.957734692021995
6.54587246e+02,1.34999114e+02,-1.52601229e-06,6.37022086,4.57306384,1.56165991,-3.34509865,3.82997957e+01,7.36455636,-6.22814918e-01,-1,-0.9563254366186381
6.65302113e+02,1.34999097e+02,-1.53055406e-06,6.36998403,4.57409953,1.55947010,-3.34509865,3.86273619e+01,7.36621744,-6.17994831e-01,-1,-0.9549161810837579
6.76016979e+02,1.34999081e+02,-1.53509583e-06,6.36974719,4.57513523,1.55728029,-3.34509866,3.89549282e+01,7.36787852,-6.13174744e-01,-1,-0.953506925680401
6.86951112e+02,1.34999064e+02,-1.53956318e-06,6.36951028,4.57618452,1.55506325,-3.34509866,3.92855959e+01,7.36956403,-6.08283352e-01,-1,-0.9520688315398609
6.98487184e+02,1.34999046e+02,-1.54382622e-06,6.36927316,4.57727114,1.55277145,-3.34509866,3.96247779e+01,7.37131659,-6.03196212e-01,-1,-0.9505515683468807
7.10023256e+02,1.34999028e+02,-1.54808926e-06,6.36903604,4.57835776,1.55047965,-3.34509866,3.99639599e+01,7.37306916,-5.98109072e-01,-1,-0.9490343051539006
7.21559328e+02,1.34999010e+02,-1.55235230e-06,6.36879891,4.57944438,1.54818785,-3.34509867,4.03031418e+01,7.37482172,-5.93021932e-01,-1,-0.9475170419609206
7.33095400e+02,1.34998992e+02,-1.55661534e-06,6.36856179,4.58053100,1.54589605,-3.34509867,4.06423238e+01,7.37657429,-5.87934792e-01,-1,-0.9459997787679404
7.45329718e+02,1.34998973e+02,-1.56021946e-06,6.36832660,4.58165658,1.54352728,-3.34509867,4.09779830e+01,7.37839826,-5.82639392e-01,-1,-0.9443906799002657
7.57757868e+02,1.34998953e+02,-1.56364065e-06,6.36809194,4.58279299,1.54113715,-3.34509868,4.13126642e+01,7.38024207,-5.77286179e-01,-1,-0.9427560875926037
7.70186019e+02,1.34998934e+02,-1.56706185e-06,6.36785729,4.58392939,1.53874701,-3.34509868,4.16473455e+01,7.38208587,-5.71932966e-01,-1,-0.9411214951534181
7.82614169e+02,1.34998914e+02,-1.57048305e-06,6.36762263,4.58506580,1.53635687,-3.34509868,4.19820268e+01,7.38392967,-5.66579754e-01,-1,-0.9394869028457561
7.95042319e+02,1.34998894e+02,-1.57390425e-06,6.36738797,4.58620220,1.53396674,-3.34509869,4.23167081e+01,7.38577347,-5.61226541e-01,-1,-0.937852310538094
8.08309137e+02,1.34998873e+02,-1.57723856e-06,6.36715596,4.58738295,1.53148922,-3.34509869,4.26633131e+01,7.38769891,-5.55635651e-01,-1,-0.9361074137795297
8.21801823e+02,1.34998852e+02,-1.58054948e-06,6.36692466,4.58857565,1.52898818,-3.34509870,4.30131294e+01,7.38964633,-5.49980750e-01,-1,-0.9343328100979439
8.35294509e+02,1.34998830e+02,-1.58386040e-06,6.36669336,4.58976835,1.52648713,-3.34509871,4.33629457e+01,7.39159376,-5.44325849e-01,-1,-0.9325582064163582
8.48787196e+02,1.34998809e+02,-1.58717132e-06,6.36646206,4.59096105,1.52398608,-3.34509872,4.37127620e+01,7.39354118,-5.38670948e-01,-1,-0.9307836026032491
8.62279882e+02,1.34998787e+02,-1.59048224e-06,6.36623076,4.59215375,1.52148504,-3.34509873,4.40625783e+01,7.39548861,-5.33016047e-01,-1,-0.9290089989216633
8.76059833e+02,1.34998765e+02,-1.59404946e-06,6.36599943,4.59336227,1.51895233,-3.34509873,4.44242979e+01,7.39746461,-5.27277885e-01,-1,-0.9271966131760326
8.90629015e+02,1.34998742e+02,-1.59832082e-06,6.36576802,4.59461425,1.51633266,-3.34509874,4.48187206e+01,7.39951912,-5.21310973e-01,-1,-0.9252804251008864
9.05198197e+02,1.34998718e+02,-1.60259217e-06,6.36553660,4.59586623,1.51371299,-3.34509874,4.52131432e+01,7.40157363,-5.15344061e-01,-1,-0.9233642370257402
9.19767379e+02,1.34998695e+02,-1.60686353e-06,6.36530518,4.59711821,1.51109332,-3.34509875,4.56075659e+01,7.40362814,-5.09377149e-01,-1,-0.921448048950594
9.34336561e+02,1.34998671e+02,-1.61113489e-06,6.36507377,4.59837020,1.50847364,-3.34509875,4.60019886e+01,7.40568265,-5.03410237e-01,-1,-0.9195318608754477
9.49724058e+02,1.34998646e+02,-1.61475239e-06,6.36484333,4.59966363,1.50577156,-3.34509876,4.63891689e+01,7.40781311,-4.97221809e-01,-1,-0.9175080452447728
9.65257302e+02,1.34998621e+02,-1.61825344e-06,6.36461307,4.60096445,1.50305479,-3.34509877,4.67750593e+01,7.40995711,-4.90993928e-01,-1,-0.9154650604758862
9.80790546e+02,1.34998596e+02,-1.62175448e-06,6.36438281,4.60226526,1.50033803,-3.34509877,4.71609497e+01,7.41210111,-4.84766048e-01,-1,-0.9134220757069995
9.96323789e+02,1.34998571e+02,-1.62525553e-06,6.36415255,4.60356608,1.49762126,-3.34509878,4.75468401e+01,7.41424510,-4.78538167e-01,-1,-0.9113790910696363
1.01272314e+03,1.34998544e+02,-1.62826135e-06,6.36392413,4.60490789,1.49482344,-3.34509879,4.79285489e+01,7.41646516,-4.72089518e-01,-1,-0.909222192979796
1.02918104e+03,1.34998517e+02,-1.63123370e-06,6.36369584,4.60625247,1.49202014,-3.34509880,4.83099751e+01,7.41869036,-4.65625948e-01,-1,-0.907057594327521
1.04563893e+03,1.34998490e+02,-1.63420604e-06,6.36346756,4.60759705,1.48921684,-3.34509880,4.86914013e+01,7.42091556,-4.59162378e-01,-1,-0.9048929969904798
1.06239898e+03,1.34998463e+02,-1.63692310e-06,6.36324052,4.60895412,1.48638916,-3.34509881,4.90681658e+01,7.42316467,-4.52629826e-01,-1,-0.9026886585486336
1.07986304e+03,1.34998434e+02,-1.63904536e-06,6.36301641,4.61034032,1.48350471,-3.34509883,4.94340690e+01,7.42546949,-4.45936553e-01,-1,-0.9003917263313245
1.09732710e+03,1.34998405e+02,-1.64116763e-06,6.36279230,4.61172652,1.48062026,-3.34509884,4.97999722e+01,7.42777430,-4.39243280e-01,-1,-0.8980947941140155
1.11479116e+03,1.34998376e+02,-1.64328989e-06,6.36256819,4.61311272,1.47773581,-3.34509885,5.01658753e+01,7.43007911,-4.32550007e-01,-1,-0.8957978618967065
1.13248124e+03,1.34998347e+02,-1.64534335e-06,6.36234494,4.61450765,1.47483433,-3.34509886,5.05317944e+01,7.43240081,-4.25808092e-01,-1,-0.8934712027648223
1.15114719e+03,1.34998316e+02,-1.64709975e-06,6.36212546,4.61594027,1.47185934,-3.34509888,5.08977820e+01,7.43479540,-4.18856158e-01,-1,-0.8910161939111149
1.16981314e+03,1.34998286e+02,-1.64885614e-06,6.36190598,4.61737289,1.46888436,-3.34509889,5.12637697e+01,7.43719000,-4.11904225e-01,-1,-0.8885611850574073
1.18847910e+03,1.34998255e+02,-1.65061253e-06,6.36168649,4.61880551,1.46590937,-3.34509891,5.16297574e+01,7.43958459,-4.04952292e-01,-1,-0.8861061748884661
1.20714505e+03,1.34998224e+02,-1.65236893e-06,6.36146701,4.62023813,1.46293439,-3.34509893,5.19957450e+01,7.44197919,-3.98000358e-01,-1,-0.8836511660347586
1.22650279e+03,1.34998192e+02,-1.65411950e-06,6.36124815,4.62169927,1.45990269,-3.34509894,5.23691566e+01,7.44442795,-3.90893657e-01,-1,-0.8811051706213042
1.24638007e+03,1.34998159e+02,-1.65586570e-06,6.36102977,4.62318182,1.45682839,-3.34509894,5.27481439e+01,7.44691739,-3.83670720e-01,-1,-0.8784908435504816
1.26625736e+03,1.34998126e+02,-1.65761190e-06,6.36081139,4.62466438,1.45375409,-3.34509895,5.31271311e+01,7.44940682,-3.76447784e-01,-1,-0.8758765151644251
1.28613464e+03,1.34998093e+02,-1.65935810e-06,6.36059301,4.62614693,1.45067980,-3.34509895,5.35061183e+01,7.45189626,-3.69224847e-01,-1,-0.8732621880936023
1.30691627e+03,1.34998058e+02,-1.66038377e-06,6.36037626,4.62766289,1.44753950,-3.34509896,5.38715581e+01,7.45445045,-3.61817207e-01,-1,-0.870528917853166
1.32787923e+03,1.34998023e+02,-1.66126496e-06,6.36015984,4.62918555,1.44438597,-3.34509897,5.42342815e+01,7.45701762,-3.54372531e-01,-1,-0.8677717984780516
1.34884218e+03,1.34997989e+02,-1.66214615e-06,6.35994342,4.63070821,1.44123244,-3.34509898,5.45970048e+01,7.45958479,-3.46927855e-01,-1,-0.8650146804181711
1.37031612e+03,1.34997953e+02,-1.66269963e-06,6.35972817,4.63224824,1.43804476,-3.34509899,5.49538445e+01,7.46218603,-3.39387312e-01,-1,-0.8621903552258298
1.39232154e+03,1.34997916e+02,-1.66291225e-06,6.35951415,4.63380633,1.43482156,-3.34509901,5.53045647e+01,7.46482270,-3.31747059e-01,-1,-0.8592961279869509
1.41432695e+03,1.34997880e+02,-1.66312487e-06,6.35930012,4.63536442,1.43159837,-3.34509902,5.56552848e+01,7.46745936,-3.24106805e-01,-1,-0.8564019020633058
1.43673627e+03,1.34997842e+02,-1.66314285e-06,6.35908757,4.63693403,1.42835288,-3.34509903,5.60027481e+01,7.47011920,-3.16401559e-01,-1,-0.8534545525308381
1.45988003e+03,1.34997804e+02,-1.66280690e-06,6.35887770,4.63852457,1.42506686,-3.34509906,5.63442892e+01,7.47282116,-3.08578134e-01,-1,-0.8504106069664237
1.48302379e+03,1.34997765e+02,-1.66247096e-06,6.35866782,4.64011511,1.42178084,-3.34509908,5.66858303e+01,7.47552313,-3.00754708e-01,-1,-0.8473666614020093
1.50616755e+03,1.34997727e+02,-1.66213501e-06,6.35845795,4.64170565,1.41849482,-3.34509911,5.70273714e+01,7.47822509,-2.92931282e-01,-1,-0.8443227158375949
1.53037022e+03,1.34997687e+02,-1.66136005e-06,6.35825150,4.64332405,1.41515479,-3.34509914,5.73621263e+01,7.48098345,-2.84950248e-01,-1,-0.8411394988497984
1.55487603e+03,1.34997646e+02,-1.66045940e-06,6.35804604,4.64495043,1.41179930,-3.34509917,5.76949387e+01,7.48375795,-2.76924096e-01,-1,-0.8379164118642835
1.57938184e+03,1.34997606e+02,-1.65955876e-06,6.35784057,4.64657681,1.40844381,-3.34509920,5.80277510e+01,7.48653244,-2.68897944e-01,-1,-0.8346933248787685
1.60388764e+03,1.34997565e+02,-1.65865811e-06,6.35763511,4.64820319,1.40508832,-3.34509923,5.83605633e+01,7.48930694,-2.60871792e-01,-1,-0.8314702392084872
1.62938452e+03,1.34997523e+02,-1.65682087e-06,6.35743053,4.64985875,1.40167492,-3.34509925,5.86686981e+01,7.49213839,-2.52684268e-01,-1,-0.8281168033457577
1.65526071e+03,1.34997480e+02,-1.65462514e-06,6.35722628,4.65152547,1.39823935,-3.34509926,5.89673878e+01,7.49499162,-2.44434981e-01,-1,-0.8247134793493782
1.68113690e+03,1.34997437e+02,-1.65242942e-06,6.35702204,4.65319219,1.39480379,-3.34509926,5.92660774e+01,7.49784485,-2.36185694e-01,-1,-0.8213101553529989
1.70751702e+03,1.34997394e+02,-1.64994561e-06,6.35681863,4.65487192,1.39134262,-3.34509928,5.95575416e+01,7.50072367,-2.27863453e-01,-1,-0.8178405527792287
1.73462624e+03,1.34997349e+02,-1.64704498e-06,6.35661642,4.65657048,1.38784441,-3.34509929,5.98385515e+01,7.50363949,-2.19435657e-01,-1,-0.8142750565083663
1.76173547e+03,1.34997305e+02,-1.64414434e-06,6.35641421,4.65826903,1.38434620,-3.34509931,6.01195615e+01,7.50655532,-2.11007861e-01,-1,-0.8107095589222701
1.78934492e+03,1.34997260e+02,-1.64097524e-06,6.35621299,4.65997928,1.38082509,-3.34509933,6.03931135e+01,7.50949433,-2.02513781e-01,-1,-0.8070782707105266
1.81764178e+03,1.34997213e+02,-1.63743722e-06,6.35601315,4.66170560,1.37727252,-3.34509935,6.06564171e+01,7.51246521,-1.93928616e-01,-1,-0.8033565720114451
1.84593864e+03,1.34997167e+02,-1.63389920e-06,6.35581331,4.66343193,1.37371994,-3.34509937,6.09197206e+01,7.51543609,-1.85343451e-01,-1,-0.7996348733123635
1.87501645e+03,1.34997120e+02,-1.63037648e-06,6.35561584,4.66517282,1.37013944,-3.34509940,6.11860116e+01,7.51843663,-1.76672445e-01,-1,-0.7958104614288846
1.90461552e+03,1.34997072e+02,-1.62686397e-06,6.35541997,4.66692343,1.36654029,-3.34509945,6.14542966e+01,7.52145695,-1.67944143e-01,-1,-0.7919174916678219
1.93421459e+03,1.34997024e+02,-1.62335146e-06,6.35522410,4.66867403,1.36294113,-3.34509950,6.17225816e+01,7.52447728,-1.59215841e-01,-1,-0.7880245219067592
1.96437952e+03,1.34996975e+02,-1.61960284e-06,6.35502985,4.67043441,1.35932326,-3.34509955,6.19831036e+01,7.52751742,-1.50428776e-01,-1,-0.7840571283253199
1.99553791e+03,1.34996925e+02,-1.61543968e-06,6.35483847,4.67221193,1.35567252,-3.34509961,6.22299964e+01,7.53059234,-1.41538544e-01,-1,-0.7799590715257854
2.02669630e+03,1.34996875e+02,-1.61127652e-06,6.35464708,4.67398946,1.35202178,-3.34509967,6.24768892e+01,7.53366725,-1.32648313e-01,-1,-0.7758610147262509
2.05785470e+03,1.34996825e+02,-1.60711336e-06,6.35445570,4.67576698,1.34837103,-3.34509972,6.27237820e+01,7.53674217,-1.23758081e-01,-1,-0.7717629566114826
2.09006664e+03,1.34996774e+02,-1.60119685e-06,6.35426563,4.67756658,1.34467682,-3.34509975,6.29041101e+01,7.53986024,-1.14737393e-01,-1,-0.7675263333538882
2.12279031e+03,1.34996722e+02,-1.59442874e-06,6.35407621,4.67937688,1.34096149,-3.34509976,6.30521076e+01,7.54299928,-1.05653343e-01,-1,-0.7632224056365311
2.15551397e+03,1.34996670e+02,-1.58766063e-06,6.35388679,4.68118719,1.33724616,-3.34509977,6.32001050e+01,7.54613831,-9.65692921e-02,-1,-0.7589184792344078
2.18913215e+03,1.34996617e+02,-1.58068857e-06,6.35369921,4.68301372,1.33349932,-3.34509979,6.33402626e+01,7.54930948,-8.73818811e-02,-1,-0.7544969025375061
2.22326894e+03,1.34996564e+02,-1.57359827e-06,6.35351270,4.68484965,1.32973420,-3.34509981,6.34758747e+01,7.55249928,-7.81345434e-02,-1,-0.7500071164999804
2.25740574e+03,1.34996510e+02,-1.56650796e-06,6.35332619,4.68668558,1.32596908,-3.34509984,6.36114869e+01,7.55568907,-6.88872057e-02,-1,-0.7455173291472208
2.29273723e+03,1.34996456e+02,-1.55902602e-06,6.35314269,4.68854124,1.32216602,-3.34509988,6.37318158e+01,7.55891866,-5.95048708e-02,-1,-0.740870412126406
2.32823707e+03,1.34996401e+02,-1.55148888e-06,6.35295962,4.69039967,1.31835761,-3.34509991,6.38499910e+01,7.56215386,-5.01035121e-02,-1,-0.7362013531443987
2.36412635e+03,1.34996345e+02,-1.54414694e-06,6.35277801,4.69226319,1.31453979,-3.34509996,6.39765565e+01,7.56540016,-4.06625958e-02,-1,-0.7314810736968921
2.40112232e+03,1.34996289e+02,-1.53735970e-06,6.35260054,4.69414112,1.31069518,-3.34510006,6.41269657e+01,7.56867800,-3.11092654e-02,-1,-0.7266152386388589
2.43811830e+03,1.34996233e+02,-1.53057247e-06,6.35242308,4.69601906,1.30685058,-3.34510015,6.42773748e+01,7.57195583,-2.15559350e-02,-1,-0.7217494022655917
2.47555729e+03,1.34996176e+02,-1.52363288e-06,6.35224738,4.69790266,1.30299553,-3.34510025,6.44221033e+01,7.57524664,-1.19583603e-02,-1,-0.7168252997193048
2.51434085e+03,1.34996118e+02,-1.51623092e-06,6.35207699,4.69980345,1.29910875,-3.34510035,6.45495903e+01,7.57857682,-2.22650140e-03,-1,-0.7117243547806171
2.55312441e+03,1.34996059e+02,-1.50882895e-06,6.35190660,4.70170424,1.29522196,-3.34510046,6.46770773e+01,7.58190700,7.50535753e-03,-1,-0.7066234098419295
2.59190797e+03,1.34996001e+02,-1.50142699e-06,6.35173622,4.70360504,1.29133518,-3.34510056,6.48045643e+01,7.58523718,1.72372165e-02,-1,-0.7015224649032419
2.63211944e+03,1.34995942e+02,-1.49104600e-06,6.35156994,4.70552993,1.28740226,-3.34510057,6.48073622e+01,7.58862122,2.71371004e-02,-1,-0.6962337164135807
2.67268904e+03,1.34995882e+02,-1.47991785e-06,6.35140470,4.70746087,1.28345777,-3.34510055,6.47788871e+01,7.59201875,3.70791261e-02,-1,-0.6908978654554794
2.71325864e+03,1.34995823e+02,-1.46878970e-06,6.35123945,4.70939180,1.27951328,-3.34510053,6.47504121e+01,7.59541629,4.70211519e-02,-1,-0.685562014497378
2.75535242e+03,1.34995762e+02,-1.45782738e-06,6.35107982,4.71134616,1.27552474,-3.34510054,6.47223285e+01,7.59886124,5.71016895e-02,-1,-0.6800256982324135
2.79753427e+03,1.34995701e+02,-1.44687464e-06,6.35092052,4.71330188,1.27153365,-3.34510055,6.46942675e+01,7.60230894,6.71902310e-02,-1,-0.6744777987032836
2.84026137e+03,1.34995640e+02,-1.43586128e-06,6.35076328,4.71526504,1.26752870,-3.34510057,6.46616881e+01,7.60577111,7.73194136e-02,-1,-0.6688581860506597
2.88400209e+03,1.34995578e+02,-1.42473524e-06,6.35060987,4.71724205,1.26349798,-3.34510060,6.46207087e+01,7.60926021,8.75241496e-02,-1,-0.6631052586685795
2.92774282e+03,1.34995517e+02,-1.41360919e-06,6.35045647,4.71921906,1.25946726,-3.34510063,6.45797292e+01,7.61274931,9.77288855e-02,-1,-0.6573523299712656
2.97299894e+03,1.34995454e+02,-1.40379669e-06,6.35030946,4.72121121,1.25540946,-3.34510075,6.45927046e+01,7.61627536,1.08024415e-01,-1,-0.6514000920576073
3.01845826e+03,1.34995391e+02,-1.39416031e-06,6.35016330,4.72320539,1.25134803,-3.34510087,6.46129144e+01,7.61980637,1.18332118e-01,-1,-0.6454211285929286
3.06398399e+03,1.34995328e+02,-1.38450757e-06,6.35001739,4.72520015,1.24728554,-3.34510100,6.46320889e+01,7.62333882,1.28642674e-01,-1,-0.6394334306605169
3.11150992e+03,1.34995264e+02,-1.37436217e-06,6.34987865,4.72721257,1.24319133,-3.34510115,6.46200855e+01,7.62691475,1.39039163e-01,-1,-0.6331826596614152
3.15903586e+03,1.34995199e+02,-1.36421677e-06,6.34973991,4.72922499,1.23909712,-3.34510131,6.46080822e+01,7.63049069,1.49435651e-01,-1,-0.6269318873470797
3.20656180e+03,1.34995135e+02,-1.35407138e-06,6.34960117,4.73123741,1.23500291,-3.34510146,6.45960788e+01,7.63406663,1.59832139e-01,-1,-0.6206811150327443
3.25567272e+03,1.34995070e+02,-1.34042330e-06,6.34946556,4.73326618,1.23087757,-3.34510147,6.44076510e+01,7.63768389,1.70301963e-01,-1,-0.6142218807899802
3.30528066e+03,1.34995005e+02,-1.32567682e-06,6.34933094,4.73530008,1.22674246,-3.34510143,6.41638988e+01,7.64131411,1.80794783e-01,-1,-0.6076972767963882
3.35499149e+03,1.34994940e+02,-1.31097030e-06,6.34919649,4.73733474,1.22260592,-3.34510140,6.39212814e+01,7.64494645,1.91288910e-01,-1,-0.6011591403621244
3.40649959e+03,1.34994874e+02,-1.29696171e-06,6.34906512,4.73938271,1.21844428,-3.34510142,6.36984897e+01,7.64861569,2.01805855e-01,-1,-0.5943846209008781
3.45800770e+03,1.34994809e+02,-1.28295313e-06,6.34893374,4.74143069,1.21428264,-3.34510144,6.34756979e+01,7.65228493,2.12322800e-01,-1,-0.5876101001243978
3.51060867e+03,1.34994742e+02,-1.26905993e-06,6.34880329,4.74348494,1.21010892,-3.34510149,6.32508716e+01,7.65597044,2.22810647e-01,-1,-0.5806918427057505
3.56397069e+03,1.34994676e+02,-1.25524707e-06,6.34867349,4.74554356,1.20592677,-3.34510155,6.30246284e+01,7.65966729,2.33278229e-01,-1,-0.5736734894179877
3.61783243e+03,1.34994609e+02,-1.24194034e-06,6.34854344,4.74760282,1.20174323,-3.34510164,6.28208735e+01,7.66336437,2.43706167e-01,-1,-0.566589411266268
3.67327837e+03,1.34994542e+02,-1.23023816e-06,6.34841262,4.74966412,1.19755522,-3.34510187,6.26884129e+01,7.66706223,2.54008421e-01,-1,-0.5592969737743572
3.72872432e+03,1.34994475e+02,-1.21853598e-06,6.34828180,4.75172542,1.19336722,-3.34510209,6.25559523e+01,7.67076009,2.64310675e-01,-1,-0.5520045349672125
3.78553037e+03,1.34994407e+02,-1.20665719e-06,6.34814646,4.75378212,1.18918615,-3.34510233,6.24064699e+01,7.67443653,2.74446100e-01,-1,-0.5445332112095602
3.84356143e+03,1.34994339e+02,-1.19461932e-06,6.34800704,4.75583468,1.18501131,-3.34510260,6.22416564e+01,7.67809367,2.84431267e-01,-1,-0.5369007699949404
3.90159248e+03,1.34994271e+02,-1.18258146e-06,6.34786762,4.75788725,1.18083647,-3.34510287,6.20768429e+01,7.68175080,2.94416434e-01,-1,-0.5292683300955546
3.96073656e+03,1.34994202e+02,-1.16856330e-06,6.34772099,4.75993422,1.17666920,-3.34510300,6.17988923e+01,7.68537915,3.04263120e-01,-1,-0.5214895007274065
4.02145088e+03,1.34994134e+02,-1.15175133e-06,6.34756417,4.76197331,1.17251261,-3.34510295,6.13613268e+01,7.68896687,3.13914436e-01,-1,-0.513504148085466
4.08216520e+03,1.34994065e+02,-1.13493936e-06,6.34740736,4.76401240,1.16835602,-3.34510290,6.09237614e+01,7.69255460,3.23565753e-01,-1,-0.5055187954435254
4.14499272e+03,1.34993996e+02,-1.11921734e-06,6.34722915,4.76602594,1.16423984,-3.34510293,6.05233318e+01,7.69604098,3.32855384e-01,-1,-0.497255507592841
4.20829686e+03,1.34993926e+02,-1.10374116e-06,6.34704611,4.76803372,1.16013278,-3.34510297,6.01312780e+01,7.69950450,3.42063439e-01,-1,-0.4889295330683009
4.27289299e+03,1.34993857e+02,-1.08954842e-06,6.34684336,4.77001231,1.15607421,-3.34510316,5.97972310e+01,7.70287139,3.50981140e-01,-1,-0.4804336316507336
4.33923021e+03,1.34993786e+02,-1.07708524e-06,6.34661404,4.77195159,1.15208100,-3.34510353,5.95413545e+01,7.70610805,3.59507557e-01,-1,-0.47170873618972897
4.40556744e+03,1.34993716e+02,-1.06462206e-06,6.34638473,4.77389086,1.14808779,-3.34510389,5.92854781e+01,7.70934472,3.68033974e-01,-1,-0.4629838394134904
4.47458550e+03,1.34993644e+02,-1.05216968e-06,6.34610106,4.77574894,1.14422980,-3.34510432,5.90058047e+01,7.71233519,3.75826985e-01,-1,-0.4539063508117468
4.54481309e+03,1.34993573e+02,-1.03972219e-06,6.34579287,4.77757038,1.14043283,-3.34510477,5.87153949e+01,7.71521457,3.83289105e-01,-1,-0.4446697807349739
4.61504067e+03,1.34993501e+02,-1.02727469e-06,6.34548469,4.77939182,1.13663585,-3.34510522,5.84249850e+01,7.71809396,3.90751225e-01,-1,-0.43543321197343465
4.68763605e+03,1.34993429e+02,-1.01281491e-06,6.34512418,4.78114083,1.13295758,-3.34510540,5.79970509e+01,7.72077537,3.97723297e-01,-1,-0.4258852221503473
4.76189877e+03,1.34993356e+02,-9.96938123e-07,6.34472682,4.78283884,1.12936289,-3.34510539,5.74722760e+01,7.72331739,4.04350291e-01,-1,-0.41611793813317166
4.83616148e+03,1.34993283e+02,-9.81061339e-07,6.34432947,4.78453684,1.12576821,-3.34510538,5.69475012e+01,7.72585940,4.10977286e-01,-1,-0.40635065543122983
4.91453930e+03,1.34993209e+02,-9.68978334e-07,6.34381853,4.78606727,1.12245187,-3.34510593,5.66015067e+01,7.72799702,4.16573604e-01,-1,-0.39604213954887213
4.99333176e+03,1.34993134e+02,-9.57277591e-07,6.34329614,4.78758082,1.11916357,-3.34510653,5.62735261e+01,7.73009389,4.22066072e-01,-1,-0.3856790888118139
5.07212423e+03,1.34993060e+02,-9.45576849e-07,6.34277375,4.78909437,1.11587528,-3.34510713,5.59455456e+01,7.73219076,4.27558539e-01,-1,-0.37531603675952174
5.15574007e+03,1.34992984e+02,-9.34402268e-07,6.34209507,4.79037865,1.11296738,-3.34510789,5.56027141e+01,7.73388928,4.32213118e-01,-1,-0.36431859877698203
5.24001841e+03,1.34992908e+02,-9.23299956e-07,6.34139492,4.79163144,1.11011173,-3.34510867,5.52578428e+01,7.73553309,4.36752610e-01,-1,-0.3532340265545252
5.32429674e+03,1.34992831e+02,-9.12197644e-07,6.34069476,4.79288423,1.10725608,-3.34510945,5.49129715e+01,7.73717689,4.41292103e-01,-1,-0.34214945564730204
5.41169179e+03,1.34992754e+02,-9.01543731e-07,6.33988108,4.79397297,1.10467175,-3.34511033,5.45655483e+01,7.73854942,4.45105545e-01,-1,-0.3306549631880268
5.50245275e+03,1.34992675e+02,-8.91374072e-07,6.33894479,4.79488455,1.10238045,-3.34511133,5.42153692e+01,7.73962900,4.48134879e-01,-1,-0.3187177748653862
5.59321372e+03,1.34992596e+02,-8.81204413e-07,6.33800849,4.79579613,1.10008914,-3.34511233,5.38651900e+01,7.74070857,4.51164213e-01,-1,-0.30678058522751206
5.68397468e+03,1.34992517e+02,-8.71034754e-07,6.33707220,4.79670771,1.09779783,-3.34511332,5.35150109e+01,7.74178814,4.54193547e-01,-1,-0.2948433969048715
5.77967405e+03,1.34992437e+02,-8.61764422e-07,6.33598949,4.79739833,1.09587524,-3.34511430,5.31802628e+01,7.74252178,4.56235849e-01,-1,-0.2822566922022324
5.87755178e+03,1.34992355e+02,-8.52890788e-07,6.33484221,4.79799149,1.09411528,-3.34511527,5.28523214e+01,7.74310284,4.57842765e-01,-1,-0.26938348222734265
5.97542950e+03,1.34992274e+02,-8.44017155e-07,6.33369492,4.79858464,1.09235532,-3.34511624,5.25243800e+01,7.74368390,4.59449682e-01,-1,-0.25651027356768685
6.07330723e+03,1.34992193e+02,-8.35143521e-07,6.33254763,4.79917780,1.09059537,-3.34511721,5.21964386e+01,7.74426496,4.61056598e-01,-1,-0.24363706359279713
6.17504169e+03,1.34992110e+02,-8.26880456e-07,6.33135587,4.79962725,1.08910059,-3.34511818,5.18771935e+01,7.74464299,4.62075344e-01,-1,-0.2302566034486765
6.28095285e+03,1.34992026e+02,-8.19278611e-07,6.33011593,4.79992106,1.08789300,-3.34511915,5.15673661e+01,7.74480114,4.62457127e-01,-1,-0.2163268095991039
6.38686400e+03,1.34991942e+02,-8.11676765e-07,6.32887600,4.80021487,1.08668540,-3.34512012,5.12575388e+01,7.74495929,4.62838909e-01,-1,-0.2023970170647651
6.49277516e+03,1.34991858e+02,-8.04074920e-07,6.32763606,4.80050869,1.08547781,-3.34512109,5.09477115e+01,7.74511744,4.63220692e-01,-1,-0.18846722321519238
6.59868631e+03,1.34991773e+02,-7.96473075e-07,6.32639612,4.80080250,1.08427021,-3.34512207,5.06378841e+01,7.74527559,4.63602474e-01,-1,-0.1745374306808536
6.71207194e+03,1.34991686e+02,-7.90127212e-07,6.32528245,4.80092835,1.08346167,-3.34512297,5.03574204e+01,7.74525077,4.63463610e-01,-1,-0.1596245692656456
6.82724466e+03,1.34991598e+02,-7.84081645e-07,6.32419896,4.80101405,1.08274854,-3.34512385,5.00839773e+01,7.74518220,4.63200262e-01,-1,-0.14447666373147383
6.94241737e+03,1.34991510e+02,-7.78036077e-07,6.32311547,4.80109974,1.08203541,-3.34512474,4.98105342e+01,7.74511363,4.62936915e-01,-1,-0.12932875951253586
7.05759009e+03,1.34991422e+02,-7.71990510e-07,6.32203198,4.80118543,1.08132228,-3.34512563,4.95370911e+01,7.74504506,4.62673568e-01,-1,-0.1141808539783642
7.17276281e+03,1.34991334e+02,-7.65944943e-07,6.32094849,4.80127113,1.08060915,-3.34512651,4.92636480e+01,7.74497649,4.62410220e-01,-1,-0.0990329484441923
7.29506362e+03,1.34991243e+02,-7.61087830e-07,6.32008192,4.80126484,1.08018844,-3.34512759,4.90273921e+01,7.74481462,4.61882069e-01,-1,-0.08294753241309849
7.42119714e+03,1.34991149e+02,-7.56869735e-07,6.31933198,4.80120909,1.07992495,-3.34512878,4.88111312e+01,7.74460258,4.61211535e-01,-1,-0.06635802540438518
7.54733065e+03,1.34991056e+02,-7.52651640e-07,6.31858204,4.80115335,1.07966147,-3.34512997,4.85948704e+01,7.74439053,4.60541001e-01,-1,-0.0497685197109059
7.67346417e+03,1.34990963e+02,-7.48433545e-07,6.31783210,4.80109761,1.07939799,-3.34513116,4.83786096e+01,7.74417849,4.59870467e-01,-1,-0.03317901270219259
7.79959769e+03,1.34990869e+02,-7.44215450e-07,6.31708216,4.80104186,1.07913451,-3.34513235,4.81623487e+01,7.74396645,4.59199934e-01,-1,-0.0165895056934795
7.92573120e+03,1.34990776e+02,-7.39997355e-07,6.31633222,4.80098612,1.07887103,-3.34513353,4.79460879e+01,7.74375440,4.58529400e-01,0,0.0
8.22777958e+03,1.34990557e+02,-7.35096406e-07,6.31545942,4.80074642,1.07891402,-3.34513626,4.76620721e+01,7.74321683,4.56873099e-01,0,0.00011206796552267103
8.52982795e+03,1.34990337e+02,-7.30195458e-07,6.31458661,4.80050673,1.07895700,-3.34513899,4.73780562e+01,7.74267925,4.55216799e-01,0,0.00022413592733507674
8.83761177e+03,1.34990114e+02,-7.25834657e-07,6.31380148,4.80026706,1.07904378,-3.34514175,4.71215317e+01,7.74215264,4.53596353e-01,0,0.00033833189331971744
9.17368814e+03,1.34989872e+02,-7.24138364e-07,6.31344880,4.80002750,1.07934656,-3.34514465,4.70006203e+01,7.74168011,4.52152770e-01,0,0.0004630251462553713
9.50976452e+03,1.34989630e+02,-7.22442072e-07,6.31309612,4.79978794,1.07964934,-3.34514754,4.68797088e+01,7.74120758,4.50709188e-01,0,0.0005877184029012904
9.85052699e+03,1.34989384e+02,-7.20947896e-07,6.31277290,4.79955247,1.07995867,-3.34515046,4.67701185e+01,7.74074570,4.49298437e-01,0,0.0007141503233088098
1.02274106e+04,1.34989112e+02,-7.21011654e-07,6.31267673,4.79934852,1.08031847,-3.34515358,4.67477938e+01,7.74036584,4.48140753e-01,0,0.0008539841453327506
1.06042942e+04,1.34988840e+02,-7.21075413e-07,6.31258055,4.79914458,1.08067828,-3.34515669,4.67254691e+01,7.73998598,4.46983069e-01,0,0.000993817963646427
1.09811778e+04,1.34988569e+02,-7.21139171e-07,6.31248438,4.79894063,1.08103808,-3.34515981,4.67031444e+01,7.73960612,4.45825385e-01,0,0.0011336517819601024
1.13995260e+04,1.34988266e+02,-7.21792572e-07,6.31246841,4.79876362,1.08138412,-3.34516318,4.67167788e+01,7.73928334,4.44840983e-01,0,0.0012888700673687893
1.18253558e+04,1.34987958e+02,-7.22552364e-07,6.31246691,4.79859147,1.08172767,-3.34516660,4.67369014e+01,7.73897086,4.43887847e-01,0,0.0014468642249435653
1.22511856e+04,1.34987650e+02,-7.23312156e-07,6.31246541,4.79841932,1.08207122,-3.34517002,4.67570240e+01,7.73865838,4.42934711e-01,0,0.001604858382518342
1.26991354e+04,1.34987325e+02,-7.24140238e-07,6.31247559,4.79826075,1.08239345,-3.34517357,4.67828200e+01,7.73837274,4.42062414e-01,0,0.0017710596471710019
1.31836950e+04,1.34986972e+02,-7.25081346e-07,6.31250513,4.79812466,1.08268039,-3.34517733,4.68180057e+01,7.73813154,4.41323909e-01,0,0.0019508441192694096
1.36682547e+04,1.34986620e+02,-7.26022454e-07,6.31253466,4.79798858,1.08296733,-3.34518110,4.68531913e+01,7.73789034,4.40585404e-01,0,0.0021306286284704713
1.41528143e+04,1.34986268e+02,-7.26963561e-07,6.31256420,4.79785249,1.08325427,-3.34518486,4.68883770e+01,7.73764913,4.39846899e-01,0,0.002310413100568879
1.46878832e+04,1.34985877e+02,-7.27874497e-07,6.31260050,4.79774036,1.08349669,-3.34518907,4.69249566e+01,7.73745472,4.39248645e-01,0,0.0025089378635139857
1.52429087e+04,1.34985472e+02,-7.28773513e-07,6.31263947,4.79763769,1.08372151,-3.34519344,4.69620868e+01,7.73727880,4.38705806e-01,0,0.002714867054719061
1.57979342e+04,1.34985066e+02,-7.29672528e-07,6.31267844,4.79753502,1.08394634,-3.34519782,4.69992171e+01,7.73710288,4.38162966e-01,0,0.002920796245924136
1.63529597e+04,1.34984660e+02,-7.30571543e-07,6.31271742,4.79743235,1.08417117,-3.34520220,4.70363473e+01,7.73692696,4.37620127e-01,0,0.003126725437129211
1.69826038e+04,1.34984199e+02,-7.31402879e-07,6.31275995,4.79735396,1.08434920,-3.34520710,4.70728427e+01,7.73679892,4.37220227e-01,0,0.0033603401093560688
1.76221774e+04,1.34983729e+02,-7.32225208e-07,6.31280295,4.79727881,1.08452102,-3.34521207,4.71092537e+01,7.73667725,4.36839349e-01,0,0.003597638889617729
1.82617510e+04,1.34983260e+02,-7.33047538e-07,6.31284595,4.79720365,1.08469283,-3.34521704,4.71456646e+01,7.73655558,4.36458470e-01,0,0.00383493766987939
1.89013246e+04,1.34982790e+02,-7.33869868e-07,6.31288895,4.79712849,1.08486464,-3.34522201,4.71820755e+01,7.73643391,4.36077591e-01,0,0.00407223645014105
1.96311584e+04,1.34982252e+02,-7.34657402e-07,6.31293566,4.79707229,1.08500041,-3.34522764,4.72190518e+01,7.73635061,4.35810569e-01,0,0.004343024160161809
2.03721804e+04,1.34981706e+02,-7.35440624e-07,6.31298283,4.79701843,1.08513171,-3.34523335,4.72560981e+01,7.73627207,4.35557660e-01,0,0.004617962989324014
2.11132025e+04,1.34981160e+02,-7.36223846e-07,6.31303000,4.79696457,1.08526302,-3.34523907,4.72931444e+01,7.73619353,4.35304751e-01,0,0.004892901855588872
2.18542246e+04,1.34980614e+02,-7.37007068e-07,6.31307717,4.79691071,1.08539432,-3.34524478,4.73301908e+01,7.73611499,4.35051842e-01,0,0.005167840721853731
2.26870636e+04,1.34979997e+02,-7.37787663e-07,6.31312872,4.79686863,1.08550426,-3.34525124,4.73686036e+01,7.73606139,4.34872248e-01,0,0.005476846094893427
2.35498164e+04,1.34979359e+02,-7.38567403e-07,6.31318170,4.79683038,1.08560724,-3.34525794,4.74074615e+01,7.73601592,4.34716539e-01,0,0.005796950281663069
2.44125692e+04,1.34978720e+02,-7.39347143e-07,6.31323467,4.79679213,1.08571022,-3.34526464,4.74463195e+01,7.73597044,4.34560830e-01,0,0.006117054468432712
2.52753220e+04,1.34978081e+02,-7.40126883e-07,6.31328765,4.79675389,1.08581320,-3.34527134,4.74851775e+01,7.73592496,4.34405121e-01,0,0.0064371586552023526
2.62099293e+04,1.34977387e+02,-7.40895757e-07,6.31334443,4.79672078,1.08590780,-3.34527860,4.75238576e+01,7.73589146,4.34283993e-01,0,0.006783922768532929
2.72187531e+04,1.34976637e+02,-7.41653408e-07,6.31340515,4.79669298,1.08599376,-3.34528643,4.75623542e+01,7.73587032,4.34198581e-01,0,0.007158223173113314
2.82275770e+04,1.34975886e+02,-7.42411060e-07,6.31346586,4.79666519,1.08607971,-3.34529427,4.76008507e+01,7.73584918,4.34113170e-01,0,0.007532523614796354
2.92364008e+04,1.34975136e+02,-7.43168711e-07,6.31352658,4.79663739,1.08616567,-3.34530210,4.76393472e+01,7.73582804,4.34027759e-01,0,0.007906824019376738
3.02658533e+04,1.34974370e+02,-7.43916496e-07,6.31358846,4.79661031,1.08625075,-3.34531007,4.76772268e+01,7.73580892,4.33947995e-01,0,0.008288778219155022
3.14499579e+04,1.34973485e+02,-7.44590312e-07,6.31365903,4.79658867,1.08632932,-3.34531910,4.77104806e+01,7.73580492,4.33910567e-01,0,0.008728112452591521
3.26340625e+04,1.34972601e+02,-7.45264128e-07,6.31372961,4.79656703,1.08640789,-3.34532814,4.77437345e+01,7.73580093,4.33873139e-01,0,0.009167446686028018
3.38181671e+04,1.34971717e+02,-7.45937943e-07,6.31380018,4.79654539,1.08648646,-3.34533717,4.77769883e+01,7.73579693,4.33835712e-01,0,0.009606780919464515
3.50022717e+04,1.34970832e+02,-7.46611759e-07,6.31387076,4.79652375,1.08656504,-3.34534620,4.78102422e+01,7.73579294,4.33798284e-01,0,0.010046115152901014
3.63221736e+04,1.34969844e+02,-7.47215097e-07,6.31394918,4.79650381,1.08664413,-3.34535625,4.78385441e+01,7.73579652,4.33780824e-01,0,0.010535833788778181
3.77166115e+04,1.34968799e+02,-7.47779750e-07,6.31403191,4.79648480,1.08672351,-3.34536686,4.78641279e+01,7.73580426,4.33774324e-01,0,0.011053207258884876
3.91110494e+04,1.34967754e+02,-7.48344404e-07,6.31411464,4.79646579,1.08680289,-3.34537746,4.78897117e+01,7.73581199,4.33767824e-01,0,0.011570580728991572
4.05054873e+04,1.34966709e+02,-7.48909058e-07,6.31419737,4.79644679,1.08688227,-3.34538807,4.79152955e+01,7.73581973,4.33761323e-01,0,0.012087954199098267
4.19222927e+04,1.34965647e+02,-7.49467235e-07,6.31428142,4.79642777,1.08696232,-3.34539886,4.79403413e+01,7.73582819,4.33756530e-01,0,0.012613626605351641
4.35691274e+04,1.34964409e+02,-7.49958809e-07,6.31437903,4.79640871,1.08704924,-3.34541149,4.79598541e+01,7.73584410,4.33769286e-01,0,0.013224645987018705
4.52159621e+04,1.34963171e+02,-7.50450383e-07,6.31447663,4.79638965,1.08713616,-3.34542413,4.79793669e+01,7.73586000,4.33782043e-01,0,0.013835665368685768
4.68627968e+04,1.34961933e+02,-7.50941957e-07,6.31457423,4.79637059,1.08722308,-3.34543676,4.79988797e+01,7.73587591,4.33794799e-01,0,0.014446684750352832
4.85096315e+04,1.34960695e+02,-7.51433531e-07,6.31467183,4.79635153,1.08731000,-3.34544940,4.80183926e+01,7.73589182,4.33807556e-01,0,0.015057704132019897
5.02952753e+04,1.34959351e+02,-7.51925888e-07,6.31477767,4.79633154,1.08740291,-3.34546302,4.80370556e+01,7.73591059,4.33825998e-01,0,0.01572022537386258
5.22449828e+04,1.34957881e+02,-7.52419170e-07,6.31489325,4.79631044,1.08750289,-3.34547781,4.80547143e+01,7.73593275,4.33851160e-01,0,0.01644361860275291
5.41946904e+04,1.34956411e+02,-7.52912453e-07,6.31500883,4.79628935,1.08760287,-3.34549260,4.80723729e+01,7.73595490,4.33876322e-01,0,0.01716701186874589
5.61443980e+04,1.34954941e+02,-7.53405735e-07,6.31512441,4.79626825,1.08770285,-3.34550739,4.80900316e+01,7.73597706,4.33901485e-01,0,0.017890405134738874
5.80941056e+04,1.34953471e+02,-7.53899017e-07,6.31523998,4.79624716,1.08780283,-3.34552218,4.81076902e+01,7.73599922,4.33926647e-01,0,0.018613798400731858
6.03218752e+04,1.34951786e+02,-7.54439554e-07,6.31537218,4.79622332,1.08791660,-3.34553881,4.81263641e+01,7.73602569,4.33958876e-01,0,0.0194403600486548
6.26350265e+04,1.34950036e+02,-7.54994602e-07,6.31550949,4.79619865,1.08803460,-3.34555600,4.81453496e+01,7.73605349,4.33993276e-01,0,0.020298600573358562
6.49481778e+04,1.34948286e+02,-7.55549650e-07,6.31564679,4.79617397,1.08815260,-3.34557319,4.81643351e+01,7.73608128,4.34027675e-01,0,0.02115684109806232
6.72613290e+04,1.34946535e+02,-7.56104697e-07,6.31578409,4.79614930,1.08827061,-3.34559039,4.81833206e+01,7.73610908,4.34062075e-01,0,0.02201508158566343
6.95823663e+04,1.34944779e+02,-7.56661565e-07,6.31592187,4.79612453,1.08838903,-3.34560764,4.82023629e+01,7.73613698,4.34096629e-01,0,0.022876248025666297
7.23316449e+04,1.34942690e+02,-7.57317293e-07,6.31608532,4.79609492,1.08852998,-3.34562801,4.82244913e+01,7.73617070,4.34139584e-01,0,0.023896303353746578
7.50809236e+04,1.34940601e+02,-7.57973020e-07,6.31624877,4.79606530,1.08867093,-3.34564837,4.82466196e+01,7.73620442,4.34182540e-01,0,0.024916358718929516
7.78302023e+04,1.34938512e+02,-7.58628748e-07,6.31641222,4.79603569,1.08881188,-3.34566874,4.82687479e+01,7.73623814,4.34225495e-01,0,0.02593641408411245
8.05794809e+04,1.34936423e+02,-7.59284475e-07,6.31657567,4.79600607,1.08895284,-3.34568910,4.82908762e+01,7.73627185,4.34268451e-01,0,0.026956469412192728
8.34466833e+04,1.34934242e+02,-7.59969538e-07,6.31674622,4.79597502,1.08910022,-3.34571026,4.83139516e+01,7.73630711,4.34313526e-01,0,0.028020277599840417
8.67193072e+04,1.34931743e+02,-7.60755458e-07,6.31694119,4.79593901,1.08926972,-3.34573413,4.83402827e+01,7.73634765,4.34365889e-01,0,0.029234507924114524
8.99919312e+04,1.34929244e+02,-7.61541378e-07,6.31713615,4.79590300,1.08943923,-3.34575800,4.83666138e+01,7.73638818,4.34418252e-01,0,0.03044873828549129
9.32645552e+04,1.34926745e+02,-7.62327297e-07,6.31733112,4.79586699,1.08960873,-3.34578187,4.83929449e+01,7.73642872,4.34470615e-01,0,0.03166296864686805
9.65371792e+04,1.34924246e+02,-7.63113217e-07,6.31752609,4.79583098,1.08977823,-3.34580574,4.84192760e+01,7.73646925,4.34522979e-01,0,0.03287719900824481
1.00057077e+05,1.34921552e+02,-7.63962977e-07,6.31773598,4.79579179,1.08996156,-3.34583120,4.84476848e+01,7.73651300,4.34579736e-01,0,0.03418317451221449
1.03957703e+05,1.34918555e+02,-7.64911031e-07,6.31796884,4.79574769,1.09016619,-3.34585909,4.84792925e+01,7.73656169,4.34643261e-01,0,0.0356304102831358
1.07858329e+05,1.34915559e+02,-7.65859085e-07,6.31820171,4.79570359,1.09037082,-3.34588698,4.85109002e+01,7.73661037,4.34706785e-01,0,0.03707764605405712
1.11758955e+05,1.34912562e+02,-7.66807139e-07,6.31843458,4.79565949,1.09057545,-3.34591487,4.85425079e+01,7.73665906,4.34770310e-01,0,0.03852488182497843
1.15659581e+05,1.34909566e+02,-7.67755193e-07,6.31866744,4.79561540,1.09078008,-3.34594275,4.85741156e+01,7.73670775,4.34833834e-01,0,0.03997211759589975
1.19959089e+05,1.34906249e+02,-7.68809074e-07,6.31892466,4.79556580,1.09100788,-3.34597314,4.86091191e+01,7.73676168,4.34904689e-01,0,0.041567349175385286
1.24613296e+05,1.34902647e+02,-7.69957060e-07,6.31920354,4.79551132,1.09125629,-3.34600573,4.86471423e+01,7.73682027,4.34982063e-01,0,0.04329418349779209
1.29267503e+05,1.34899046e+02,-7.71105046e-07,6.31948241,4.79545683,1.09150469,-3.34603833,4.86851654e+01,7.73687886,4.35059436e-01,0,0.0450210178201989
1.33921710e+05,1.34895444e+02,-7.72253032e-07,6.31976129,4.79540235,1.09175309,-3.34607092,4.87231886e+01,7.73693745,4.35136810e-01,0,0.046747852142605704
1.38575917e+05,1.34891843e+02,-7.73401018e-07,6.32004016,4.79534787,1.09200150,-3.34610352,4.87612117e+01,7.73699605,4.35214183e-01,0,0.04847468646501251
1.43806263e+05,1.34887771e+02,-7.74708018e-07,6.32035426,4.79528498,1.09228431,-3.34613955,4.88043329e+01,7.73706233,4.35302474e-01,0,0.05041528364748917
1.49364730e+05,1.34883432e+02,-7.76105579e-07,6.32068841,4.79521732,1.09258672,-3.34617753,4.88503576e+01,7.73713300,4.35396982e-01,0,0.052477622429491264
1.54923197e+05,1.34879092e+02,-7.77503140e-07,6.32102256,4.79514965,1.09288913,-3.34621551,4.88963823e+01,7.73720366,4.35491490e-01,0,0.05453996121149334
1.60481664e+05,1.34874753e+02,-7.78900701e-07,6.32135671,4.79508198,1.09319154,-3.34625348,4.89424070e+01,7.73727433,4.35585998e-01,0,0.056602299993495434
1.66040130e+05,1.34870414e+02,-7.80298262e-07,6.32169087,4.79501431,1.09349396,-3.34629146,4.89884317e+01,7.73734499,4.35680506e-01,0,0.05866463840447099
1.72381529e+05,1.34865423e+02,-7.81919197e-07,6.32207332,4.79493436,1.09384510,-3.34633434,4.90414630e+01,7.73742634,4.35790572e-01,0,0.06101746573795148
1.79025038e+05,1.34860180e+02,-7.83626326e-07,6.32247442,4.79484965,1.09421505,-3.34637911,4.90971981e+01,7.73751181,4.35906642e-01,0,0.06348238389961006
1.85668547e+05,1.34854938e+02,-7.85333455e-07,6.32287551,4.79476495,1.09458501,-3.34642388,4.91529332e+01,7.73759727,4.36022711e-01,0,0.06594730206126864
1.92312056e+05,1.34849695e+02,-7.87040584e-07,6.32327661,4.79468025,1.09495496,-3.34646866,4.92086683e+01,7.73768274,4.36138781e-01,0,0.06841222022292724
1.98955565e+05,1.34844453e+02,-7.88747713e-07,6.32367771,4.79459555,1.09532491,-3.34651343,4.92644034e+01,7.73776821,4.36254851e-01,0,0.07087713838458581
2.06622746e+05,1.34838338e+02,-7.90760471e-07,6.32414252,4.79449331,1.09576180,-3.34656317,4.93295717e+01,7.73786801,4.36392365e-01,0,0.0737218660271048
2.14568176e+05,1.34831985e+02,-7.92856304e-07,6.32462466,4.79438630,1.09621688,-3.34661427,4.93973041e+01,7.73797171,4.36535709e-01,0,0.07666983143351684
2.22513607e+05,1.34825633e+02,-7.94952137e-07,6.32510680,4.79427929,1.09667197,-3.34666537,4.94650365e+01,7.73807541,4.36679053e-01,0,0.0796177972109554
2.30459037e+05,1.34819281e+02,-7.97047970e-07,6.32558894,4.79417228,1.09712705,-3.34671647,4.95327689e+01,7.73817911,4.36822397e-01,0,0.08256576261736744
2.38404468e+05,1.34812928e+02,-7.99143802e-07,6.32607108,4.79406528,1.09758214,-3.34676756,4.96005013e+01,7.73828280,4.36965741e-01,0,0.085513728394806
2.47653207e+05,1.34805432e+02,-8.01652456e-07,6.32663522,4.79393373,1.09812730,-3.34682515,4.96806608e+01,7.73840533,4.37138154e-01,0,0.08894525603080983
2.57160697e+05,1.34797709e+02,-8.04243069e-07,6.32721563,4.79379731,1.09869034,-3.34688402,4.97632873e+01,7.73853159,4.37316339e-01,0,0.09247278715521823
2.66668187e+05,1.34789985e+02,-8.06833682e-07,6.32779604,4.79366089,1.09925339,-3.34694290,4.98459139e+01,7.73865785,4.37494523e-01,0,0.09600031827962664
2.76175677e+05,1.34782262e+02,-8.09424294e-07,6.32837646,4.79352448,1.09981643,-3.34700177,4.99285405e+01,7.73878411,4.37672708e-01,0,0.09952784940403507
2.85683167e+05,1.34774538e+02,-8.12014907e-07,6.32895687,4.79338806,1.10037947,-3.34706065,5.00111671e+01,7.73891037,4.37850892e-01,0,0.10305538052844349
2.96817935e+05,1.34765334e+02,-8.15154807e-07,6.32964153,4.79321737,1.10106318,-3.34712409,5.01098642e+01,7.73906109,4.38068260e-01,0,0.10718667497977256
3.08199411e+05,1.34755906e+02,-8.18377983e-07,6.33034199,4.79304148,1.10176518,-3.34718822,5.02109977e+01,7.73921550,4.38291568e-01,0,0.11140950464687792
3.19580887e+05,1.34746477e+02,-8.21601159e-07,6.33104244,4.79286559,1.10246719,-3.34725236,5.03121312e+01,7.73936992,4.38514877e-01,0,0.11563233431398325
3.30962363e+05,1.34737049e+02,-8.24824335e-07,6.33174290,4.79268971,1.10316919,-3.34731649,5.04132647e+01,7.73952434,4.38738185e-01,0,0.11985516398108859
3.42343839e+05,1.34727620e+02,-8.28047511e-07,6.33244336,4.79251382,1.10387119,-3.34738062,5.05143982e+01,7.73967876,4.38961494e-01,0,0.12407799364819391
3.55726637e+05,1.34716289e+02,-8.32008045e-07,6.33327405,4.79228995,1.10473428,-3.34745797,5.06365441e+01,7.73986467,4.39237283e-01,0,0.12904336689356893
3.69355917e+05,1.34704723e+02,-8.36059392e-07,6.33412079,4.79206017,1.10561720,-3.34753695,5.07612778e+01,7.74005446,4.39519536e-01,0,0.13410019150272207
3.82985196e+05,1.34693157e+02,-8.40110738e-07,6.33496752,4.79183039,1.10650013,-3.34761592,5.08860116e+01,7.74024425,4.39801789e-01,0,0.13915701574084863
3.96614476e+05,1.34681591e+02,-8.44162085e-07,6.33581425,4.79160061,1.10738306,-3.34769490,5.10107453e+01,7.74043404,4.40084043e-01,0,0.14421384035000173
4.10243755e+05,1.34670025e+02,-8.48213432e-07,6.33666099,4.79137083,1.10826598,-3.34777387,5.11354790e+01,7.74062383,4.40366296e-01,0,0.1492706645881283
4.26304021e+05,1.34656019e+02,-8.53239142e-07,6.33766952,4.79107339,1.10936514,-3.34786415,5.12863172e+01,7.74085414,4.40719169e-01,0,0.15522944952308781
4.42628605e+05,1.34641747e+02,-8.58370794e-07,6.33869565,4.79076859,1.11048780,-3.34795567,5.14399937e+01,7.74108885,4.41079720e-01,0,0.16128630345120337
4.58953188e+05,1.34627475e+02,-8.63502446e-07,6.33972177,4.79046379,1.11161046,-3.34804718,5.15936701e+01,7.74132357,4.41440271e-01,0,0.16734315700829241
4.75277772e+05,1.34613203e+02,-8.68634098e-07,6.34074790,4.79015899,1.11273312,-3.34813870,5.17473466e+01,7.74155828,4.41800823e-01,0,0.173400010936408
4.91602356e+05,1.34598931e+02,-8.73765750e-07,6.34177402,4.78985419,1.11385578,-3.34823021,5.19010230e+01,7.74179300,4.42161374e-01,0,0.17945686486452359
5.10847229e+05,1.34581522e+02,-8.80219549e-07,6.34300069,4.78945169,1.11527412,-3.34833582,5.20878822e+01,7.74208003,4.42617793e-01,0,0.18659722351783659
5.30401556e+05,1.34563781e+02,-8.86813452e-07,6.34424861,4.78903883,1.11672379,-3.34844293,5.22782576e+01,7.74237260,4.43084369e-01,0,0.19385239781824182
5.49955884e+05,1.34546040e+02,-8.93407355e-07,6.34549653,4.78862598,1.11817346,-3.34855004,5.24686331e+01,7.74266517,4.43550946e-01,0,0.20110757248967356
5.69510212e+05,1.34528299e+02,-9.00001259e-07,6.34674445,4.78821312,1.11962313,-3.34865714,5.26590085e+01,7.74295774,4.44017523e-01,0,0.20836274716110537
5.89064540e+05,1.34510558e+02,-9.06595162e-07,6.34799237,4.78780027,1.12107280,-3.34876425,5.28493840e+01,7.74325031,4.44484100e-01,0,0.21561792183253714
6.12087503e+05,1.34488761e+02,-9.15009622e-07,6.34948928,4.78724598,1.12292983,-3.34886526,5.30820958e+01,7.74361097,4.45082994e-01,0,0.22416005214859355
6.35506827e+05,1.34466500e+02,-9.23632117e-07,6.35101464,4.78667553,1.12483341,-3.34896559,5.33196454e+01,7.74397940,4.45697008e-01,0,0.23284924291530537
6.58926152e+05,1.34444239e+02,-9.32254612e-07,6.35254000,4.78610508,1.12673699,-3.34906591,5.35571950e+01,7.74434784,4.46311021e-01,0,0.2415384340530437
6.82345477e+05,1.34421979e+02,-9.40877107e-07,6.35406537,4.78553463,1.12864057,-3.34916623,5.37947446e+01,7.74471627,4.46925035e-01,0,0.25022762519078207
7.05764801e+05,1.34399718e+02,-9.49499602e-07,6.35559073,4.78496418,1.13054415,-3.34926655,5.40322942e+01,7.74508471,4.47539049e-01,0,0.2589168159574939
7.33246180e+05,1.34372161e+02,-9.60704253e-07,6.35741952,4.78418319,1.13302053,-3.34936209,5.43247956e+01,7.74554247,4.48342798e-01,0,0.26911313693854816
7.61276733e+05,1.34343889e+02,-9.72258003e-07,6.35928933,4.78337374,1.13557434,-3.34945697,5.46247262e+01,7.74601231,4.49172198e-01,0,0.2795132160490052
7.89307287e+05,1.34315616e+02,-9.83811752e-07,6.36115914,4.78256429,1.13812815,-3.34955186,5.49246569e+01,7.74648215,4.50001599e-01,0,0.28991329553048883
8.17337840e+05,1.34287343e+02,-9.95365501e-07,6.36302895,4.78175483,1.14068196,-3.34964675,5.52245875e+01,7.74695199,4.50830999e-01,0,0.30031337464094593
8.45368393e+05,1.34259071e+02,-1.00691925e-06,6.36489876,4.78094538,1.14323578,-3.34974163,5.55245182e+01,7.74742182,4.51660399e-01,0,0.310713453751403
8.78047424e+05,1.34223825e+02,-1.02213863e-06,6.36713197,4.77981330,1.14661653,-3.34982737,5.58900161e+01,7.74801057,4.52788634e-01,0,0.32283824157321583
9.11538026e+05,1.34187362e+02,-1.03799798e-06,6.36942863,4.77862490,1.15014166,-3.34991152,5.62669613e+01,7.74862009,4.53969041e-01,0,0.33526414377560304
9.45028627e+05,1.34150900e+02,-1.05385733e-06,6.37172530,4.77743650,1.15366679,-3.34999567,5.66439065e+01,7.74922960,4.55149448e-01,0,0.34769004560696376
9.78519229e+05,1.34114437e+02,-1.06971668e-06,6.37402196,4.77624810,1.15719193,-3.35007982,5.70208517e+01,7.74983911,4.56329855e-01,0,0.360115947809351
1.01200983e+06,1.34077974e+02,-1.08557603e-06,6.37631862,4.77505970,1.16071706,-3.35016396,5.73977970e+01,7.75044862,4.57510262e-01,0,0.37254184964071163
1.05046573e+06,1.34032472e+02,-1.10737768e-06,6.37903663,4.77338448,1.16542650,-3.35019481,5.78836451e+01,7.75121324,4.59112890e-01,0,0.38681000918304487
1.09016385e+06,1.33984709e+02,-1.13066599e-06,6.38186006,4.77158747,1.17043224,-3.35021231,5.83967387e+01,7.75201665,4.60821149e-01,0,0.4015390653146317
1.12986198e+06,1.33936946e+02,-1.15395430e-06,6.38468348,4.76979046,1.17543797,-3.35022982,5.89098323e+01,7.75282007,4.62529409e-01,0,0.4162681251564838
1.16956010e+06,1.33889183e+02,-1.17724261e-06,6.38750691,4.76799345,1.18044371,-3.35024732,5.94229260e+01,7.75362349,4.64237668e-01,0,0.43099718128807063
1.20925823e+06,1.33841420e+02,-1.20053092e-06,6.39033034,4.76619644,1.18544944,-3.35026483,5.99360196e+01,7.75442691,4.65945928e-01,0,0.4457262411299228
1.25394448e+06,1.33781048e+02,-1.24550296e-06,6.39355544,4.76371993,1.19201502,-3.34897139,6.12042149e+01,7.75542385,4.68214917e-01,0,0.4623060258794303
1.29926472e+06,1.33719075e+02,-1.29323095e-06,6.39683161,4.76115705,1.19877885,-3.34751134,6.25683814e+01,7.75644539,4.70555172e-01,0,0.4791210377454075
1.34458495e+06,1.33657101e+02,-1.34095894e-06,6.40010777,4.75859418,1.20554268,-3.34605129,6.39325480e+01,7.75746692,4.72895428e-01,0,0.4959360459011192
1.39163542e+06,1.33588992e+02,-1.39766362e-06,6.40353384,4.75567744,1.21308919,-3.34522936,6.55310558e+01,7.75857785,4.75509903e-01,0,0.513393019018424
1.44084680e+06,1.33513220e+02,-1.46557942e-06,6.40714714,4.75231875,1.22161322,-3.34520437,6.74222360e+01,7.75980041,4.78466853e-01,0,0.5316517470975585
1.49005818e+06,1.33437448e+02,-1.53349521e-06,6.41076044,4.74896006,1.23013725,-3.34517939,6.93134161e+01,7.76102297,4.81423803e-01,0,0.5499104751766928
1.54150818e+06,1.33351058e+02,-1.61125752e-06,6.41458570,4.74490434,1.24016133,-3.34516613,7.12406011e+01,7.76240723,4.84901708e-01,0,0.5689997906901262
1.59318402e+06,1.33263596e+02,-1.69001317e-06,6.41843234,4.74077830,1.25033673,-3.34515405,7.31714183e+01,7.76380779,4.88432167e-01,0,0.5881728988374868
1.64620439e+06,1.33166652e+02,-1.77994476e-06,6.42240463,4.73597345,1.26193257,-3.34514544,7.51737755e+01,7.76535761,4.92516541e-01,0,0.6078448632994689
1.69952208e+06,1.33066085e+02,-1.87372518e-06,6.42640931,4.73088514,1.27411154,-3.34513844,7.71582189e+01,7.76696771,4.96840532e-01,0,0.6276271413724996
1.75320233e+06,1.32960087e+02,-1.97311574e-06,6.43045629,4.72536146,1.28718238,-3.34513337,7.90987390e+01,7.76866955,5.01531902e-01,0,0.6475439388280873
1.80692401e+06,1.32848470e+02,-2.07768700e-06,6.43452141,4.71934172,1.30125442,-3.34512686,8.09257849e+01,7.77047245,5.06631137e-01,0,0.6674761079132515
1.82569186e+06,1.32807450e+02,-2.11584952e-06,6.43595195,4.71704762,1.30655788,-3.34512699,8.15064034e+01,7.77114179,5.08566434e-01,0,0.674439478373092
1.84445971e+06,1.32766431e+02,-2.15401203e-06,6.43738250,4.71475353,1.31186134,-3.34512711,8.20870219e+01,7.77181112,5.10501731e-01,0,0.6814028488329323
1.86318580e+06,1.32725184e+02,-2.19231920e-06,6.43881105,4.71243189,1.31721889,-3.34512704,8.26554573e+01,7.77248564,5.12458280e-01,0,0.6883507252244377
1.88171039e+06,1.32682839e+02,-2.23132439e-06,6.44022999,4.70997732,1.32283750,-3.34512603,8.31651039e+01,7.77318517,5.14517378e-01,0,0.6952238397680138
1.90023498e+06,1.32640493e+02,-2.27032957e-06,6.44164892,4.70752275,1.32845611,-3.34512502,8.36747506e+01,7.77388470,5.16576475e-01,0,0.70209695431159
1.91855441e+06,1.32597595e+02,-2.30952742e-06,6.44306016,4.70497998,1.33424727,-3.34512429,8.41361784e+01,7.77459991,5.18700613e-01,0,0.7088939490500984
1.93673755e+06,1.32554329e+02,-2.34885325e-06,6.44446628,4.70237862,1.34015304,-3.34512373,8.45655750e+01,7.77532554,5.20867956e-01,0,0.7156403765813897
1.95483030e+06,1.32510932e+02,-2.38817682e-06,6.44586744,4.69974789,1.34611508,-3.34512316,8.49770144e+01,7.77605613,5.23056294e-01,0,0.7223532670236767
1.97260619e+06,1.32467077e+02,-2.42749245e-06,6.44725126,4.69701419,1.35227440,-3.34512255,8.53254998e+01,7.77680408,5.25318233e-01,0,0.728948593996312
1.99038209e+06,1.32423222e+02,-2.46680808e-06,6.44863507,4.69428049,1.35843371,-3.34512193,8.56739851e+01,7.77755203,5.27580172e-01,0,0.7355439246792127
2.00771667e+06,1.32379047e+02,-2.50564742e-06,6.45000022,4.69143051,1.36481625,-3.34512186,8.59320808e+01,7.77831994,5.29924444e-01,0,0.7419755139292196
2.02504779e+06,1.32334870e+02,-2.54448304e-06,6.45136523,4.68857961,1.37120054,-3.34512178,8.61894690e+01,7.77908800,5.32269359e-01,0,0.7484058194273959
2.04192701e+06,1.32290710e+02,-2.58248616e-06,6.45270063,4.68563174,1.37776399,-3.34512128,8.63579288e+01,7.77986987,5.34677886e-01,0,0.754668458031879
2.05874645e+06,1.32246552e+02,-2.62037914e-06,6.45403210,4.68267103,1.38435115,-3.34512071,8.65146240e+01,7.78065357,5.37094828e-01,0,0.7609089166697656
2.07511202e+06,1.32202586e+02,-2.65708973e-06,6.45533893,4.67962647,1.39109368,-3.34512037,8.65765815e+01,7.78144953,5.39566141e-01,0,0.7669809774916738
2.09140840e+06,1.32158648e+02,-2.69362009e-06,6.45664201,4.67656913,1.39785990,-3.34512005,8.66240975e+01,7.78224736,5.42045741e-01,0,0.7730273669872385
2.10722864e+06,1.32115037e+02,-2.72863534e-06,6.45792249,4.67343401,1.40477038,-3.34511980,8.65673986e+01,7.78305790,5.44578794e-01,0,0.7788970959057662
2.12297750e+06,1.32071492e+02,-2.76340312e-06,6.45919874,4.67028802,1.41170049,-3.34511954,8.64954889e+01,7.78386996,5.47118788e-01,0,0.7847403409498261
2.13820006e+06,1.32028552e+02,-2.79619941e-06,6.46043774,4.66706758,1.41876085,-3.34511905,8.63143714e+01,7.78469056,5.49702245e-01,0,0.7903883147255729
2.15328271e+06,1.31985810e+02,-2.82837237e-06,6.46167184,4.66382960,1.42585388,-3.34511860,8.61033580e+01,7.78551337,5.52294927e-01,0,0.7959843781780255
2.16794590e+06,1.31943662e+02,-2.85867651e-06,6.46289128,4.66053897,1.43304484,-3.34511824,8.58027132e+01,7.78634280,5.54915266e-01,0,0.8014248108377616
2.18244530e+06,1.31901654e+02,-2.88799659e-06,6.46411845,4.65722733,1.44028171,-3.34511797,8.54565611e+01,7.78718205,5.57563256e-01,0,0.8068044730604141
2.19676791e+06,1.31859795e+02,-2.91625452e-06,6.46535398,4.65389300,1.44756814,-3.34511781,8.50612911e+01,7.78803190,5.60241091e-01,0,0.8121185415009556
2.21149031e+06,1.31816274e+02,-2.94392412e-06,6.46676629,4.65058761,1.45488508,-3.34511783,8.46208695e+01,7.78894388,5.63058334e-01,0,0.8175809426421602
2.22625978e+06,1.31772347e+02,-2.97117260e-06,6.46820751,4.64728152,1.46221787,-3.34511784,8.41591271e+01,7.78987820,5.65936524e-01,0,0.8230608080026302
2.24079073e+06,1.31728663e+02,-2.99752677e-06,6.46957187,4.64394365,1.46957579,-3.34511763,8.36676796e+01,7.79082866,5.68889153e-01,0,0.8284521761126385
2.25461184e+06,1.31686799e+02,-3.02032187e-06,6.47075177,4.64053942,1.47697419,-3.34511753,8.30807319e+01,7.79175595,5.71835314e-01,0,0.8335801747430732
2.26807302e+06,1.31645858e+02,-3.04129143e-06,6.47184030,4.63710167,1.48439396,-3.34511748,8.24445425e+01,7.79267168,5.74778230e-01,0,0.838574629790753
2.28073373e+06,1.31607030e+02,-3.05645893e-06,6.47290553,4.63359953,1.49193086,-3.34511715,8.16306380e+01,7.79357785,5.77716817e-01,0,0.8432720892234854
2.29326404e+06,1.31568523e+02,-3.07075539e-06,6.47396339,4.63008675,1.49948534,-3.34511687,8.07902551e+01,7.79448874,5.80674634e-01,0,0.8479211667953246
2.30551113e+06,1.31530713e+02,-3.08315990e-06,6.47500526,4.62655089,1.50707800,-3.34511669,7.98923598e+01,7.79540989,5.83674220e-01,0,0.8524651622303375
2.31751076e+06,1.31493558e+02,-3.09305073e-06,6.47602402,4.62299583,1.51469751,-3.34511658,7.89244394e+01,7.79634214,5.86718519e-01,0,0.8569173434376156
2.32935896e+06,1.31456810e+02,-3.10138046e-06,6.47702882,4.61942919,1.52233319,-3.34511652,7.79133704e+01,7.79728112,5.89789928e-01,0,0.861313340095852
2.34087178e+06,1.31421025e+02,-3.10606252e-06,6.47800422,4.61583843,1.53000241,-3.34511658,7.68042998e+01,7.79823453,5.92919226e-01,0,0.8655849018729048
2.35220063e+06,1.31385805e+02,-3.10869181e-06,6.47896322,4.61223521,1.53768834,-3.34511653,7.56424541e+01,7.79919680,5.96082592e-01,0,0.869788205897285
2.36336714e+06,1.31351082e+02,-3.10950983e-06,6.47990774,4.60862100,1.54538903,-3.34511637,7.44340419e+01,7.80016689,5.99276018e-01,0,0.8739312774730656
2.37420711e+06,1.31317424e+02,-3.10652448e-06,6.48082362,4.60498591,1.55311713,-3.34511643,7.31322877e+01,7.80115527,6.02537583e-01,0,0.8779531940422813
2.38489219e+06,1.31284299e+02,-3.10172074e-06,6.48172671,4.60134152,1.56085746,-3.34511627,7.17880095e+01,7.80215296,6.05832539e-01,0,0.8819176423106249
2.39541357e+06,1.31251736e+02,-3.09499523e-06,6.48261629,4.59768729,1.56861072,-3.34511586,7.03987924e+01,7.80316050,6.09162786e-01,0,0.8858213535342736
2.40564341e+06,1.31220232e+02,-3.08464942e-06,6.48348124,4.59401641,1.57638495,-3.34511573,6.89329497e+01,7.80418915,6.12567339e-01,0,0.8896168956802785
2.41572890e+06,1.31189276e+02,-3.07245797e-06,6.48433419,4.59033770,1.58416884,-3.34511571,6.74342112e+01,7.80522979,6.16013017e-01,0,0.8933588801451486
2.42566659e+06,1.31158885e+02,-3.05838453e-06,6.48517485,4.58665102,1.59196254,-3.34511579,6.59023932e+01,7.80628267,6.19500674e-01,0,0.8970460268873195
2.43531114e+06,1.31129631e+02,-3.04095970e-06,6.48599157,4.58294949,1.59977395,-3.34511591,6.43228813e+01,7.80735699,6.23061130e-01,0,0.9006244109093815
2.44482810e+06,1.31100924e+02,-3.02155793e-06,6.48679781,4.57924170,1.60759265,-3.34511590,6.27205596e+01,7.80844826,6.26677995e-01,0,0.9041554556551292
2.45421066e+06,1.31072783e+02,-3.00027451e-06,6.48759328,4.57552744,1.61541891,-3.34511579,6.10978615e+01,7.80955524,6.30347110e-01,0,0.9076366344338216
2.46330060e+06,1.31045807e+02,-2.97632558e-06,6.48836709,4.57180004,1.62326063,-3.34511556,5.94568454e+01,7.81068108,6.34078866e-01,0,0.911009243426206
2.47227223e+06,1.31019408e+02,-2.95006695e-06,6.48913076,4.56806739,1.63110775,-3.34511536,5.77964539e+01,7.81183172,6.37890533e-01,0,0.9143379562685731
2.48112944e+06,1.30993549e+02,-2.92196327e-06,6.48988504,4.56432983,1.63896002,-3.34511520,5.61226129e+01,7.81300309,6.41769087e-01,0,0.9176242162541656
2.48979162e+06,1.30968564e+02,-2.89166933e-06,6.49062432,4.56058426,1.64682080,-3.34511509,5.44388373e+01,7.81420176,6.45736124e-01,0,0.9208381149335466
2.49828299e+06,1.30944376e+02,-2.85925348e-06,6.49135123,4.55683206,1.65468864,-3.34511514,5.27449630e+01,7.81542947,6.49796174e-01,0,0.9239886385695292
2.50664594e+06,1.30920787e+02,-2.82530251e-06,6.49206924,4.55307506,1.66256165,-3.34511519,5.10447801e+01,7.81667979,6.53928101e-01,0,0.9270915149771689
2.51485560e+06,1.30897916e+02,-2.78957266e-06,6.49277693,4.54931247,1.67044068,-3.34511515,4.93382076e+01,7.81795777,6.58147554e-01,0,0.9301375167264015
2.52292298e+06,1.30875835e+02,-2.75135928e-06,6.49347514,4.54554507,1.67832458,-3.34511503,4.76242174e+01,7.81928481,6.62520744e-01,0,0.9331307288194386
2.53089211e+06,1.30854284e+02,-2.71186093e-06,6.49416620,4.54177454,1.68621117,-3.34511495,4.59152447e+01,7.82064544,6.66999561e-01,0,0.9360874875548626
2.53876088e+06,1.30833275e+02,-2.67114102e-06,6.49484988,4.53800088,1.69410034,-3.34511492,4.42141959e+01,7.82204097,6.71587965e-01,0,0.939007010066673
2.54647790e+06,1.30813099e+02,-2.62858145e-06,6.49552326,4.53422283,1.70199312,-3.34511475,4.25329164e+01,7.82349686,6.76363166e-01,0,0.9418702293009484
2.55406304e+06,1.30793580e+02,-2.58495310e-06,6.49618900,4.53044118,1.70988930,-3.34511471,4.08739894e+01,7.82499660,6.81273796e-01,0,0.9446845175550508
2.56154145e+06,1.30774617e+02,-2.54028308e-06,6.49684837,4.52665680,1.71778773,-3.34511467,3.92350086e+01,7.82653950,6.86317673e-01,0,0.9474592061464758
2.56890376e+06,1.30756301e+02,-2.49417526e-06,6.49750043,4.52286981,1.72568776,-3.34511440,3.76209252e+01,7.82814251,6.91547262e-01,0,0.950190818556538
2.57610247e+06,1.30738803e+02,-2.44698385e-06,6.49814356,4.51907928,1.73359037,-3.34511417,3.60472668e+01,7.82981817,6.96998801e-01,0,0.9528617310245597
2.58319651e+06,1.30721846e+02,-2.39896828e-06,6.49878183,4.51528690,1.74149428,-3.34511391,3.45010285e+01,7.83155146,7.02626487e-01,0,0.9554938081445774
2.59018967e+06,1.30705418e+02,-2.35011286e-06,6.49941562,4.51149291,1.74939915,-3.34511363,3.29822118e+01,7.83334581,7.08440753e-01,0,0.9580884561071804
2.59704367e+06,1.30689772e+02,-2.30004901e-06,6.50004172,4.50769769,1.75730262,-3.34511331,3.15094547e+01,7.83525541,7.14607379e-01,0,0.9606314720163946
2.60377786e+06,1.30674709e+02,-2.24962747e-06,6.50066329,4.50390146,1.76520588,-3.34511303,3.00750406e+01,7.83725057,7.21034250e-01,0,0.9631300352357806
2.61041028e+06,1.30660158e+02,-2.19878540e-06,6.50128174,4.50010485,1.77310832,-3.34511279,2.86743983e+01,7.83933228,7.27724289e-01,0,0.9655908390841305
2.61692867e+06,1.30646211e+02,-2.14725788e-06,6.50189799,4.49630874,1.78100868,-3.34511260,2.73137903e+01,7.84153643,7.34786456e-01,0,0.9680093347760569
2.62336197e+06,1.30632844e+02,-2.09497515e-06,6.50251515,4.49251620,1.78890233,-3.34511244,2.59992432e+01,7.84392441,7.42408196e-01,0,0.9703962598196444
2.62971891e+06,1.30619916e+02,-2.04267568e-06,6.50313317,4.48872684,1.79679007,-3.34511230,2.47238252e+01,7.84646090,7.50481887e-01,0,0.9727548532765922
2.63599740e+06,1.30607428e+02,-1.99048047e-06,6.50375262,4.48494126,1.80467094,-3.34511216,2.34888631e+01,7.84915782,7.59043762e-01,0,0.9750843397014305
2.64218694e+06,1.30595529e+02,-1.93797964e-06,6.50437899,4.48116552,1.81253561,-3.34511206,2.23078920e+01,7.85215989,7.68533861e-01,0,0.9773808233154833
2.64827719e+06,1.30584125e+02,-1.88481223e-06,6.50501352,4.47739990,1.82038410,-3.34511194,2.11617556e+01,7.85544073,7.78870300e-01,0,0.9796404677043208
2.65432888e+06,1.30573076e+02,-1.83014925e-06,6.50566189,4.47364981,1.82820848,-3.34511183,2.00381193e+01,7.85905469,7.90219091e-01,0,0.981885805309753
2.66039442e+06,1.30562324e+02,-1.77324217e-06,6.50633389,4.46992676,1.83599057,-3.34511175,1.89346845e+01,7.86316095,8.03065398e-01,0,0.9841362816327724
2.66651272e+06,1.30551825e+02,-1.71552661e-06,6.50704141,4.46625257,1.84369271,-3.34511159,1.78723062e+01,7.86801414,8.18186154e-01,0,0.9864063333160736
2.67275352e+06,1.30541461e+02,-1.65795394e-06,6.50780747,4.46267310,1.85123468,-3.34511150,1.68632870e+01,7.87401619,8.36802095e-01,0,0.988721835750597
2.67923705e+06,1.30531014e+02,-1.60213074e-06,6.50866938,4.45929069,1.85843047,-3.34511138,1.59270702e+01,7.88182146,8.60903823e-01,0,0.9911273974573183
2.68593531e+06,1.30520522e+02,-1.55419115e-06,6.50969031,4.45644767,1.86462698,-3.34511115,1.51500155e+01,7.89285027,8.94803847e-01,0,0.9936126296931009
2.69198124e+06,1.30511232e+02,-1.53109027e-06,6.51086390,4.45509648,1.86791615,-3.34511104,1.47699953e+01,7.90832302,9.42147443e-01,0,0.9958558301856594
2.69583263e+06,1.30505321e+02,-1.54077741e-06,6.51191739,4.45574620,1.86714345,-3.34511089,1.48980186e+01,7.92500813,9.93037833e-01,0,0.997284798093828
2.69793099e+06,1.30502053e+02,-1.56917124e-06,6.51276691,4.45749595,1.86406871,-3.34511071,1.53186036e+01,7.94033821,1.03972397,0,0.9980633453455438
2.69915114e+06,1.30500111e+02,-1.60605419e-06,6.51348668,4.45971319,1.85999411,-3.34511061,1.58802656e+01,7.95451550,1.08286641,0,0.9985160533790465
2.69991425e+06,1.30498865e+02,-1.64766738e-06,6.51412869,4.46216247,1.85541656,-3.34511055,1.65282448e+01,7.96795067,1.12374428,0,0.9987991874424372
2.70041772e+06,1.30498022e+02,-1.69245573e-06,6.51472344,4.46474080,1.85055727,-3.34511050,1.72402478e+01,7.98091729,1.16318862,0,0.9989859881748289
2.70076497e+06,1.30497424e+02,-1.73959262e-06,6.51528878,4.46739744,1.84552667,-3.34511043,1.80052992e+01,7.99357417,1.20169506,0,0.9991148271410493
2.70101587e+06,1.30496980e+02,-1.78850806e-06,6.51583545,4.47010153,1.84039181,-3.34511041,1.88159624e+01,8.00603451,1.23960666,0,0.9992079177000837
2.70120457e+06,1.30496637e+02,-1.83878200e-06,6.51636924,4.47283553,1.83519072,-3.34511040,1.96673438e+01,8.01836788,1.27713254,0,0.9992779304082932
2.70135257e+06,1.30496360e+02,-1.89003114e-06,6.51689261,4.47558659,1.82995028,-3.34511038,2.05551232e+01,8.03062430,1.31443599,0,0.9993328423363007
2.70147436e+06,1.30496126e+02,-1.94189354e-06,6.51740665,4.47834703,1.82468641,-3.34511035,2.14752636e+01,8.04283882,1.35161626,0,0.9993780296586794
2.70158002e+06,1.30495918e+02,-1.99412087e-06,6.51791164,4.48111106,1.81941086,-3.34511034,2.24251797e+01,8.05503601,1.38875071,0,0.9994172323229583
2.70167736e+06,1.30495721e+02,-2.04641929e-06,6.51840479,4.48387435,1.81413085,-3.34511034,2.34015173e+01,8.06723397,1.42589785,0,0.9994533480464195
2.70177233e+06,1.30495524e+02,-2.08940859e-06,6.51888065,4.48663397,1.80884953,-3.34511033,2.42955348e+01,8.07944883,1.46309672,0,0.9994885844369795
2.70186908e+06,1.30495319e+02,-2.13229635e-06,6.51933941,4.48938358,1.80357970,-3.34511032,2.52100359e+01,8.09170547,1.50043260,0,0.9995244812547818
2.70196936e+06,1.30495102e+02,-2.17558030e-06,6.51978425,4.49211515,1.79833898,-3.34511032,2.61494937e+01,8.10403757,1.53800943,0,0.9995616877962722
2.70207381e+06,1.30494871e+02,-2.21917411e-06,6.52021863,4.49482277,1.79314093,-3.34511032,2.71106409e+01,8.11646834,1.57590046,0,0.9996004415184371
2.70218435e+06,1.30494621e+02,-2.26314901e-06,6.52064501,4.49748932,1.78802103,-3.34511032,2.80944832e+01,8.12905903,1.61431785,0,0.999641454792234
2.70230193e+06,1.30494350e+02,-2.30748599e-06,6.52106182,4.50010524,1.78299758,-3.34511032,2.90958378e+01,8.14183958,1.65336191,0,0.9996850800928768
2.70242797e+06,1.30494053e+02,-2.35784618e-06,6.52147180,4.50265439,1.77810426,-3.34511032,3.01832972e+01,8.15485863,1.69320151,0,0.999731844278053
2.70256558e+06,1.30493722e+02,-2.41494655e-06,6.52186987,4.50510659,1.77339890,-3.34511032,3.13633951e+01,8.16819995,1.73413559,0,0.9997829012403038
2.70272294e+06,1.30493336e+02,-2.45975315e-06,6.52225092,4.50737847,1.76904567,-3.34511032,3.23725885e+01,8.18207930,1.77691285,0,0.9998412859767312
2.70291377e+06,1.30492859e+02,-2.50396132e-06,6.52260027,4.50930359,1.76537011,-3.34511032,3.33252263e+01,8.19680845,1.82266907,0,0.9999120889714722
2.70315071e+06,1.30492258e+02,-2.54308993e-06,6.52290093,4.51064103,1.76284555,-3.34511032,3.41047627e+01,8.21253674,1.87203584,2,2.0
2.70329472e+06,1.30491889e+02,-2.55424278e-06,6.52300840,4.51080309,1.76257516,-3.34511032,3.42819568e+01,8.22056842,1.89760114,2,2.02175216638047
2.70344736e+06,1.30491498e+02,-2.56173330e-06,6.52309303,4.51070973,1.76280422,-3.34511032,3.43579801e+01,8.22854305,1.92312988,2,2.0448078616537293
2.70360746e+06,1.30491088e+02,-2.56094494e-06,6.52314807,4.51028832,1.76367455,-3.34511032,3.42562680e+01,8.23629372,1.94811222,2,2.068990361740594
2.70376898e+06,1.30490676e+02,-2.54948134e-06,6.52316951,4.50953336,1.76519518,-3.34511032,3.39452116e+01,8.24355237,1.97167006,2,2.0933873474621967
2.70392538e+06,1.30490279e+02,-2.53231282e-06,6.52316012,4.50852512,1.76720696,-3.34511032,3.35101691e+01,8.25022681,1.99343571,2,2.1170109765289125
2.70404236e+06,1.30489984e+02,-2.51267250e-06,6.52302313,4.50701566,1.77015740,-3.34511032,3.29524340e+01,8.25476140,2.00838142,2,2.1346803635380276
2.70409783e+06,1.30489846e+02,-2.49307940e-06,6.52274804,4.50517615,1.77369886,-3.34511032,3.23441073e+01,8.25658617,2.01453132,2,2.143058897453222
2.70413228e+06,1.30489761e+02,-2.47243812e-06,6.52245445,4.50329062,1.77732313,-3.34511032,3.17223015e+01,8.25744727,2.01757096,2,2.1482624397891694
2.70414860e+06,1.30489721e+02,-2.45758921e-06,6.52218312,4.50139181,1.78098509,-3.34511032,3.11818896e+01,8.25776882,2.01876341,2,2.1507275141266127
2.70416492e+06,1.30489681e+02,-2.44274030e-06,6.52191179,4.49949300,1.78464704,-3.34511032,3.06414778e+01,8.25809036,2.01995587,2,2.153192588463985
2.70417904e+06,1.30489647e+02,-2.42164675e-06,6.52181634,4.49759304,1.78839924,-3.34511032,3.00294005e+01,8.25835232,2.02094107,2,2.1553253611137606
2.70419105e+06,1.30489619e+02,-2.39450990e-06,6.52189110,4.49569197,1.79223877,-3.34511032,2.93479685e+01,8.25855659,2.02172571,2,2.1571394262357946
2.70420305e+06,1.30489591e+02,-2.36737304e-06,6.52196587,4.49379090,1.79607829,-3.34511032,2.86665366e+01,8.25876087,2.02251036,2,2.158951980895646
2.70421506e+06,1.30489563e+02,-2.34023619e-06,6.52204063,4.49188982,1.79991782,-3.34511032,2.79851046e+01,8.25896515,2.02329500,2,2.1607660460177507
2.70422673e+06,1.30489537e+02,-2.30773976e-06,6.52236824,4.48999039,1.80388050,-3.34511032,2.72652900e+01,8.25913002,2.02396112,2,2.162528755424445
2.70423833e+06,1.30489511e+02,-2.27420367e-06,6.52274490,4.48809127,1.80786706,-3.34511032,2.65380299e+01,8.25928725,2.02460426,2,2.1642808915956486
2.70424993e+06,1.30489486e+02,-2.24066758e-06,6.52312155,4.48619215,1.81185363,-3.34511032,2.58107697e+01,8.25944449,2.02524739,2,2.1660330277668525
2.70426146e+06,1.30489461e+02,-2.20779796e-06,6.52355060,4.48429393,1.81586460,-3.34511032,2.51049205e+01,8.25962295,2.02595000,2,2.167774590702495
2.70427287e+06,1.30489436e+02,-2.17609020e-06,6.52407100,4.48239727,1.81991811,-3.34511032,2.44363971e+01,8.25983844,2.02675627,2,2.169498028091593
2.70428429e+06,1.30489412e+02,-2.14438244e-06,6.52459141,4.48050062,1.82397162,-3.34511032,2.37678737e+01,8.26005393,2.02756255,2,2.171222975942874
2.70429580e+06,1.30489388e+02,-2.11313860e-06,6.52513580,4.47860429,1.82803646,-3.34511032,2.31133094e+01,8.26024880,2.02831159,2,2.172961517954081
2.70430761e+06,1.30489364e+02,-2.08318378e-06,6.52574686,4.47670889,1.83213280,-3.34511032,2.24975321e+01,8.26038639,2.02890157,2,2.1747453738318265
2.70431941e+06,1.30489340e+02,-2.05322897e-06,6.52635792,4.47481349,1.83622913,-3.34511032,2.18817547e+01,8.26052398,2.02949155,2,2.176527719247389
2.70433125e+06,1.30489316e+02,-2.02474169e-06,6.52697912,4.47291838,1.84032995,-3.34511032,2.12966743e+01,8.26067638,2.03012431,2,2.1783161065117533
2.70434311e+06,1.30489293e+02,-1.99777820e-06,6.52761084,4.47102356,1.84443545,-3.34511032,2.07434672e+01,8.26084417,2.03080149,2,2.1801075147005533
2.70435498e+06,1.30489270e+02,-1.97081471e-06,6.52824255,4.46912874,1.84854094,-3.34511032,2.01902600e+01,8.26101195,2.03147867,2,2.1819004333516068
2.70436668e+06,1.30489247e+02,-1.94505369e-06,6.52885402,4.46723309,1.85263798,-3.34511032,1.96734807e+01,8.26107566,2.03185558,2,2.18366767414499
2.70437835e+06,1.30489225e+02,-1.91955200e-06,6.52946112,4.46533726,1.85673319,-3.34511032,1.91645576e+01,8.26111693,2.03216772,2,2.185430383551684
2.70439013e+06,1.30489203e+02,-1.89370248e-06,6.53007417,4.46344153,1.86083117,-3.34511032,1.86555199e+01,8.26114774,2.03245198,2,2.1872097080427406
2.70440273e+06,1.30489180e+02,-1.86547458e-06,6.53072794,4.46154655,1.86494801,-3.34511032,1.81456980e+01,8.26110704,2.03254548,2,2.1891128904355988
2.70441532e+06,1.30489157e+02,-1.83724667e-06,6.53138170,4.45965158,1.86906485,-3.34511032,1.76358761e+01,8.26106635,2.03263898,2,2.1910145623662034
2.70442849e+06,1.30489133e+02,-1.81258333e-06,6.53205295,4.45775727,1.87318909,-3.34511032,1.71765486e+01,8.26113171,2.03304524,2,2.1930038411054493
2.70444197e+06,1.30489109e+02,-1.78986693e-06,6.53273374,4.45586333,1.87731736,-3.34511032,1.67448007e+01,8.26125499,2.03362234,2,2.1950399441733466
2.70445546e+06,1.30489086e+02,-1.76715053e-06,6.53341453,4.45396939,1.88144563,-3.34511032,1.63130529e+01,8.26137827,2.03419943,2,2.1970775577034263
2.70446995e+06,1.30489061e+02,-1.74444424e-06,6.53410990,4.45207559,1.88558093,-3.34511032,1.59037042e+01,8.26144561,2.03463345,2,2.1992662174552304
2.70448460e+06,1.30489036e+02,-1.72173950e-06,6.53480752,4.45018180,1.88971731,-3.34511032,1.54978065e+01,8.26150433,2.03504543,2,2.2014790446024515
2.70449924e+06,1.30489011e+02,-1.69903477e-06,6.53550513,4.44828801,1.89385369,-3.34511032,1.50919089e+01,8.26156304,2.03545741,2,2.20369036128749
2.70451466e+06,1.30488986e+02,-1.67127447e-06,6.53619565,4.44639468,1.89798561,-3.34511032,1.46620726e+01,8.26173921,2.03621774,2,2.206019494025388
2.70453028e+06,1.30488961e+02,-1.64221057e-06,6.53688434,4.44450148,1.90211637,-3.34511032,1.42260636e+01,8.26194567,2.03706790,2,2.2083788360075745
2.70454614e+06,1.30488935e+02,-1.61435466e-06,6.53756990,4.44260806,1.90624598,-3.34511032,1.38046192e+01,8.26212514,2.03784510,2,2.2107744290830618
2.70456314e+06,1.30488909e+02,-1.59204700e-06,6.53824109,4.44071371,1.91037027,-3.34511032,1.34500696e+01,8.26218067,2.03828719,2,2.2133422148511848
2.70458015e+06,1.30488883e+02,-1.56973935e-06,6.53891228,4.43881936,1.91449457,-3.34511032,1.30955199e+01,8.26223620,2.03872928,2,2.21591151108149
2.70459792e+06,1.30488855e+02,-1.54708204e-06,6.53958475,4.43692533,1.91861887,-3.34511032,1.27444335e+01,8.26233943,2.03932043,2,2.2185956024402897
2.70461753e+06,1.30488826e+02,-1.52359184e-06,6.54026026,4.43503206,1.92274316,-3.34511032,1.24015967e+01,8.26255627,2.04026665,2,2.2215576188469104
2.70463714e+06,1.30488797e+02,-1.50010163e-06,6.54093578,4.43313879,1.92686746,-3.34511032,1.20587598e+01,8.26277310,2.04121287,2,2.2245196352536016
2.70465763e+06,1.30488767e+02,-1.47452673e-06,6.54161151,4.43124602,1.93099087,-3.34511032,1.17053060e+01,8.26303598,2.04230503,2,2.2276145723352614
2.70468021e+06,1.30488735e+02,-1.44398502e-06,6.54228778,4.42935444,1.93511216,-3.34511032,1.13265570e+01,8.26340852,2.04374488,2,2.2310251960202265
2.70470278e+06,1.30488704e+02,-1.41344330e-06,6.54296405,4.42746286,1.93923345,-3.34511032,1.09478080e+01,8.26378107,2.04518473,2,2.234434309242938
2.70472855e+06,1.30488669e+02,-1.38589004e-06,6.54363195,4.42557227,1.94334859,-3.34511032,1.06079066e+01,8.26422676,2.04688575,2,2.238326770374972
2.70475454e+06,1.30488633e+02,-1.35853884e-06,6.54429929,4.42368175,1.94746330,-3.34511032,1.02706319e+01,8.26467740,2.04860443,2,2.2422524616758004
2.70478428e+06,1.30488594e+02,-1.33148832e-06,6.54495926,4.42179357,1.95156963,-3.34511032,9.94756756,8.26526313,2.05077025,2,2.2467445763077625
2.70481514e+06,1.30488554e+02,-1.30450372e-06,6.54561658,4.41990605,1.95567334,-3.34511032,9.62791155,8.26588130,2.05304680,2,2.251405862708064
2.70485007e+06,1.30488510e+02,-1.27771050e-06,6.54626317,4.41802077,1.95976719,-3.34511032,9.31898946,8.26660169,2.05568130,2,2.256681907230403
2.70488855e+06,1.30488462e+02,-1.25106464e-06,6.54690194,4.41613867,1.96385079,-3.34511032,9.01703348,8.26744022,2.05871043,2,2.2624941658396573
2.70493084e+06,1.30488410e+02,-1.22483901e-06,6.54752363,4.41425972,1.96791953,-3.34511032,8.72417251,8.26839208,2.06212422,2,2.2688819105534224
2.70497516e+06,1.30488357e+02,-1.20052124e-06,6.54807129,4.41237861,1.97195558,-3.34511032,8.45178890,8.26925521,2.06531663,2,2.2755762790971854
2.70501526e+06,1.30488310e+02,-1.18056752e-06,6.54844723,4.41048175,1.97593726,-3.34511032,8.21655334,8.26953029,2.06675979,2,2.281633232585466
2.70505098e+06,1.30488269e+02,-1.15903356e-06,6.54866370,4.40858717,1.97983466,-3.34511032,7.97843636,8.27008663,2.06893317,2,2.287028603622988
2.70508435e+06,1.30488231e+02,-1.13948952e-06,6.54879401,4.40668849,1.98369718,-3.34511032,7.75898726,8.27029571,2.07007705,2,2.292069016039608
2.70511611e+06,1.30488195e+02,-1.12144719e-06,6.54886543,4.40478673,1.98753641,-3.34511032,7.55330519,8.27024260,2.07044636,2,2.2968662440393146
2.70514689e+06,1.30488162e+02,-1.10230770e-06,6.54888318,4.40288547,1.99134780,-3.34511032,7.34670040,8.27031566,2.07116000,2,2.3015154467418726
2.70517727e+06,1.30488129e+02,-1.08272648e-06,6.54887933,4.40098442,1.99514797,-3.34511032,7.13972410,8.27043952,2.07201228,2,2.3061042309557127
2.70520979e+06,1.30488095e+02,-1.06151108e-06,6.54891836,4.39908571,1.99896491,-3.34511032,6.92524927,8.27073270,2.07338223,2,2.311016254083913
2.70524586e+06,1.30488059e+02,-1.03756330e-06,6.54902909,4.39719091,2.00280989,-3.34511032,6.69823686,8.27130900,2.07561773,2,2.316464491298958
2.70528185e+06,1.30488022e+02,-1.01371616e-06,6.54914059,4.39529607,2.00665530,-3.34511032,6.47197144,8.27188379,2.07784745,2,2.321900644816329
2.70530978e+06,1.30487996e+02,-9.99077823e-07,6.54932222,4.39339865,2.01054096,-3.34511032,6.31405989,8.27232051,2.07954900,2,2.326119365787088
2.70533770e+06,1.30487969e+02,-9.84439487e-07,6.54950385,4.39150123,2.01442662,-3.34511032,6.15614834,8.27275723,2.08125055,2,2.3303365762957347
2.70536562e+06,1.30487942e+02,-9.69801152e-07,6.54968549,4.38960381,2.01831228,-3.34511032,5.99823679,8.27319395,2.08295210,2,2.334553786804311
2.70539382e+06,1.30487916e+02,-9.51453809e-07,6.54991432,4.38770784,2.02221864,-3.34511032,5.82124744,8.27369515,2.08484108,2,2.3388132902549197
2.70542254e+06,1.30487890e+02,-9.26117885e-07,6.55023211,4.38581461,2.02616399,-3.34511032,5.60831134,8.27431786,2.08708322,2,2.3431513377408617
2.70545126e+06,1.30487865e+02,-9.00781961e-07,6.55054990,4.38392138,2.03010935,-3.34511032,5.39537525,8.27494056,2.08932535,2,2.3474893852267336
2.70547995e+06,1.30487840e+02,-8.76464559e-07,6.55088430,4.38202817,2.03406295,-3.34511032,5.19126283,8.27555434,2.09154081,2,2.3518229013260568
2.70550859e+06,1.30487817e+02,-8.55109324e-07,6.55126698,4.38013504,2.03804057,-3.34511032,5.01281232,8.27614215,2.09367866,2,2.356148865114185
2.70553722e+06,1.30487793e+02,-8.33754088e-07,6.55164966,4.37824190,2.04201819,-3.34511032,4.83436181,8.27672996,2.09581651,2,2.3604733184402003
2.70556652e+06,1.30487770e+02,-8.12804273e-07,6.55205228,4.37634994,2.04600342,-3.34511032,4.66186485,8.27736236,2.09809097,2,2.364898972734643
2.70559678e+06,1.30487746e+02,-7.92433633e-07,6.55248339,4.37445965,2.04999954,-3.34511032,4.49787301,8.27805844,2.10056058,2,2.3694696314018673
2.70562705e+06,1.30487723e+02,-7.72062994e-07,6.55291449,4.37256937,2.05399566,-3.34511032,4.33388118,8.27875453,2.10303019,2,2.3740418005313453
2.70565919e+06,1.30487700e+02,-7.52346109e-07,6.55336442,4.37068088,2.05799760,-3.34511032,4.17970293,8.27951268,2.10570346,2,2.378896426095334
2.70569172e+06,1.30487676e+02,-7.32765163e-07,6.55381828,4.36879277,2.06200076,-3.34511032,4.02756527,8.28028375,2.10841909,2,2.383809959685787
2.70572597e+06,1.30487652e+02,-7.13352931e-07,6.55428046,4.36690657,2.06600425,-3.34511032,3.87953627,8.28112054,2.11134692,2,2.3889832927774464
2.70576184e+06,1.30487628e+02,-6.94099116e-07,6.55475047,4.36502217,2.07000805,-3.34511032,3.73536516,8.28201905,2.11447400,2,2.394401320748132
2.70579972e+06,1.30487602e+02,-6.75175718e-07,6.55522323,4.36313912,2.07401053,-3.34511032,3.59552096,8.28295651,2.11774092,2,2.4001229516244496
2.70583957e+06,1.30487576e+02,-6.56576071e-07,6.55569870,4.36125740,2.07801170,-3.34511032,3.45991640,8.28393213,2.12114484,2,2.4061421435573167
2.70588318e+06,1.30487549e+02,-6.38346547e-07,6.55617790,4.35937979,2.08200652,-3.34511032,3.32944703,8.28502344,2.12493180,2,2.4127292692837106
2.70592949e+06,1.30487520e+02,-6.20394653e-07,6.55665786,4.35750501,2.08599606,-3.34511032,3.20233572,8.28618885,2.12896811,2,2.4197242198085287
2.70597983e+06,1.30487490e+02,-6.02871957e-07,6.55713689,4.35563437,2.08997686,-3.34511032,3.07989832,8.28745549,2.13335000,2,2.427327886606583
2.70603500e+06,1.30487458e+02,-5.86282807e-07,6.55759551,4.35376968,2.09393555,-3.34511032,2.96510570,8.28886313,2.13819871,2,2.4356611066552385
2.70609095e+06,1.30487426e+02,-5.71057134e-07,6.55798856,4.35188294,2.09790555,-3.34511032,2.85916426,8.28958920,2.14111240,2,2.4441121427568238
2.70615394e+06,1.30486505e+02,-1.27910217e-05,6.55835418,4.35001772,2.10181880,-3.34511032,6.32166725e+01,8.29093745,2.14589668,2,2.4536265442587903
2.70622268e+06,1.30485289e+02,-1.76928049e-05,6.55867258,4.34816575,2.10568193,-3.34511032,8.68624955e+01,8.29260930,2.15167531,2,2.4640094615353396
2.70629329e+06,1.30484043e+02,-1.76420977e-05,6.55892704,4.34631687,2.10950694,-3.34511032,8.57901836e+01,8.29435298,2.15767310,2,2.474674835246329
2.70636581e+06,1.30482769e+02,-1.75795580e-05,6.55910872,4.34445810,2.11331532,-3.34511032,8.46828206e+01,8.29587203,2.16304501,2,2.4856287072407004
2.70644838e+06,1.30481323e+02,-1.75044336e-05,6.55926088,4.34260373,2.11710013,-3.34511032,8.35375696e+01,8.29736602,2.16847499,2,2.4981005937626692
2.70654413e+06,1.30479653e+02,-1.74299147e-05,6.55941904,4.34079610,2.12079447,-3.34511032,8.24302229e+01,8.29971031,2.17648688,2,2.512563269486067
2.70663728e+06,1.30478035e+02,-1.73658353e-05,6.55955769,4.33897413,2.12450773,-3.34511032,8.13847895e+01,8.30186013,2.18387667,2,2.5266332250331494
2.70672790e+06,1.30476467e+02,-1.72996669e-05,6.55971104,4.33714588,2.12824092,-3.34511032,8.03414080e+01,8.30393173,2.19097380,2,2.5403210336394775
2.70681587e+06,1.30474949e+02,-1.72354975e-05,6.55988715,4.33530770,2.13200532,-3.34511032,7.93141663e+01,8.30585369,2.19757995,2,2.5536085697584356
2.70690208e+06,1.30473468e+02,-1.71735718e-05,6.56008575,4.33346339,2.13579324,-3.34511032,7.83071438e+01,8.30767961,2.20385597,2,2.566630264527246
2.70698954e+06,1.30471971e+02,-1.71119317e-05,6.56030633,4.33161632,2.13959768,-3.34511032,7.73119657e+01,8.30945667,2.20997332,2,2.5798407670731236
2.70708213e+06,1.30470391e+02,-1.70507858e-05,6.56054796,4.32977096,2.14340921,-3.34511032,7.63303593e+01,8.31125524,2.21617634,2,2.5938261367360713
2.70718373e+06,1.30468663e+02,-1.69914057e-05,6.56080181,4.32793030,2.14721745,-3.34511032,7.53707999e+01,8.31312081,2.22262685,2,2.6091724328561607
2.70729575e+06,1.30466765e+02,-1.69350637e-05,6.56103468,4.32608831,2.15101788,-3.34511032,7.44401710e+01,8.31493686,2.22899473,2,2.6260926306058763
2.70735567e+06,1.30465752e+02,-1.69075948e-05,6.56101082,4.32420681,2.15476895,-3.34511032,7.36674324e+01,8.31602126,2.23269314,2,2.6351433202073897
2.70741897e+06,1.30464687e+02,-1.68452953e-05,6.56093776,4.32231332,2.15851939,-3.34511032,7.27553018e+01,8.31655573,2.23485303,2,2.644704546038148
2.70748836e+06,1.30463525e+02,-1.67628277e-05,6.56082573,4.32041994,2.16225015,-3.34511032,7.17733584e+01,8.31705624,2.23696331,2,2.655185643358688
2.70755488e+06,1.30462415e+02,-1.66960143e-05,6.56067497,4.31853763,2.16593939,-3.34511032,7.08783373e+01,8.31812344,2.24063620,2,2.665233238023134
2.70762655e+06,1.30461227e+02,-1.66167038e-05,6.56053160,4.31664378,2.16965540,-3.34511032,6.99430235e+01,8.31869302,2.24292523,2,2.676058720729085
2.70769668e+06,1.30460068e+02,-1.65390585e-05,6.56040662,4.31474898,2.17338250,-3.34511032,6.90196077e+01,8.31924032,2.24512564,2,2.6866515922537535
2.70775562e+06,1.30459101e+02,-1.64790329e-05,6.56036063,4.31285895,2.17713958,-3.34511032,6.81831449e+01,8.32008014,2.24801668,2,2.695554256558048
2.70781457e+06,1.30458135e+02,-1.64190073e-05,6.56031465,4.31096891,2.18089665,-3.34511032,6.73466821e+01,8.32091997,2.25090771,2,2.704458431324526
2.70786302e+06,1.30457346e+02,-1.63663615e-05,6.56034682,4.30907238,2.18470580,-3.34511032,6.65547381e+01,8.32142405,2.25273591,2,2.7117766207637044
2.70790706e+06,1.30456632e+02,-1.63168231e-05,6.56041189,4.30717311,2.18853688,-3.34511032,6.57815392e+01,8.32178677,2.25411660,2,2.7184286963653648
2.70795110e+06,1.30455919e+02,-1.62672846e-05,6.56047696,4.30527384,2.19236796,-3.34511032,6.50083403e+01,8.32214949,2.25549728,2,2.7250807719670247
2.70799513e+06,1.30455205e+02,-1.62177462e-05,6.56054202,4.30337456,2.19619904,-3.34511032,6.42351414e+01,8.32251221,2.25687796,2,2.731731337106432
2.70803526e+06,1.30454563e+02,-1.61509870e-05,6.56066239,4.30147558,2.20005719,-3.34511032,6.34199818e+01,8.32289958,2.25827900,2,2.7377928219814014
2.70807394e+06,1.30453947e+02,-1.60778418e-05,6.56080326,4.29957670,2.20392539,-3.34511032,6.25892621e+01,8.32329608,2.25968758,2,2.7436352898350145
2.70811261e+06,1.30453331e+02,-1.60046967e-05,6.56094412,4.29767782,2.20779358,-3.34511032,6.17585424e+01,8.32369259,2.26109616,2,2.7494762472263745
2.70815129e+06,1.30452715e+02,-1.59315516e-05,6.56108499,4.29577893,2.21166178,-3.34511032,6.09278227e+01,8.32408910,2.26250475,2,2.755318715079987
2.70818782e+06,1.30452141e+02,-1.58629410e-05,6.56127150,4.29387876,2.21555539,-3.34511032,6.01480143e+01,8.32433290,2.26345033,2,2.7608364335569875
2.70822421e+06,1.30451570e+02,-1.57946179e-05,6.56146090,4.29197850,2.21945060,-3.34511032,5.93714343e+01,8.32456702,2.26436656,2,2.7663330055630064
2.70826060e+06,1.30450999e+02,-1.57262948e-05,6.56165030,4.29007824,2.22334582,-3.34511032,5.85948543e+01,8.32480113,2.26528278,2,2.7718295775690254
2.70829707e+06,1.30450430e+02,-1.56592118e-05,6.56186044,4.28817838,2.22725061,-3.34511032,5.78369232e+01,8.32506875,2.26628685,2,2.777338233272718
2.70833362e+06,1.30449864e+02,-1.55935120e-05,6.56209371,4.28627897,2.23116606,-3.34511032,5.70997916e+01,8.32537372,2.26738888,2,2.782858972674224
2.70837017e+06,1.30449298e+02,-1.55278122e-05,6.56232698,4.28437956,2.23508152,-3.34511032,5.63626601e+01,8.32567869,2.26849091,2,2.78837971207566
2.70840595e+06,1.30448746e+02,-1.54665850e-05,6.56255825,4.28247973,2.23899681,-3.34511032,5.56535511e+01,8.32593297,2.26943966,2,2.7937841458864896
2.70844065e+06,1.30448214e+02,-1.54115769e-05,6.56278674,4.28057932,2.24291187,-3.34511032,5.49834075e+01,8.32611676,2.27017529,2,2.799025449777851
2.70847536e+06,1.30447682e+02,-1.53565687e-05,6.56301523,4.27867891,2.24682694,-3.34511032,5.43132638e+01,8.32630055,2.27091091,2,2.8042682641314656
2.70851098e+06,1.30447139e+02,-1.52995112e-05,6.56326192,4.27677885,2.25075041,-3.34511032,5.36449928e+01,8.32651392,2.27173055,2,2.809648530546808
2.70854778e+06,1.30446581e+02,-1.52397943e-05,6.56353223,4.27487925,2.25468477,-3.34511032,5.29791515e+01,8.32676567,2.27265922,2,2.8152070315036575
2.70858459e+06,1.30446023e+02,-1.51800775e-05,6.56380255,4.27297964,2.25861914,-3.34511032,5.23133103e+01,8.32701741,2.27358788,2,2.8207670429227605
2.70862235e+06,1.30445454e+02,-1.51256856e-05,6.56407589,4.27107973,2.26255564,-3.34511032,5.16817832e+01,8.32722103,2.27437743,2,2.8264705482524626
2.70866040e+06,1.30444882e+02,-1.50729835e-05,6.56435020,4.26917972,2.26649281,-3.34511032,5.10611457e+01,8.32740938,2.27512284,2,2.8322178569863796
2.70869897e+06,1.30444303e+02,-1.50224433e-05,6.56462545,4.26727964,2.27043060,-3.34511032,5.04523622e+01,8.32758225,2.27582524,2,2.8380437097556306
2.70873924e+06,1.30443703e+02,-1.49791482e-05,6.56490389,4.26537932,2.27437046,-3.34511032,4.98833055e+01,8.32770326,2.27638350,2,2.8441263411016515
2.70877951e+06,1.30443103e+02,-1.49358531e-05,6.56518233,4.26347900,2.27831032,-3.34511032,4.93142487e+01,8.32782428,2.27694175,2,2.850208972447602
2.70882148e+06,1.30442479e+02,-1.48919426e-05,6.56546605,4.26157885,2.28225248,-3.34511032,4.87504303e+01,8.32796649,2.27756405,2,2.856548382370463
2.70886645e+06,1.30441815e+02,-1.48469464e-05,6.56575907,4.25967899,2.28619871,-3.34511032,4.81958536e+01,8.32814609,2.27829934,2,2.8633409309582873
2.70891141e+06,1.30441151e+02,-1.48019502e-05,6.56605210,4.25777913,2.29014494,-3.34511032,4.76412769e+01,8.32832569,2.27903463,2,2.8701319690838583
2.70895761e+06,1.30440471e+02,-1.47535650e-05,6.56634491,4.25587943,2.29409075,-3.34511032,4.70815557e+01,8.32852783,2.27983463,2,2.8771103045242437
2.70900696e+06,1.30439749e+02,-1.46964407e-05,6.56663721,4.25398013,2.29803549,-3.34511032,4.65085686e+01,8.32878810,2.28080149,2,2.884564435562897
2.70905632e+06,1.30439027e+02,-1.46393165e-05,6.56692950,4.25208084,2.30198023,-3.34511032,4.59355815e+01,8.32904837,2.28176835,2,2.8920200770637323
2.70911129e+06,1.30438228e+02,-1.45917428e-05,6.56722347,4.25018063,2.30592763,-3.34511032,4.54057553e+01,8.32911064,2.28219781,2,2.9003230878680992
2.70916808e+06,1.30437404e+02,-1.45472635e-05,6.56751797,4.24828012,2.30987590,-3.34511032,4.48899134e+01,8.32910876,2.28245315,2,2.9089010027958517
2.70922599e+06,1.30436565e+02,-1.45027994e-05,6.56781063,4.24637983,2.31382281,-3.34511032,4.43763826e+01,8.32914654,2.28282191,2,2.9176480894918737
2.70929188e+06,1.30435617e+02,-1.44584438e-05,6.56809003,4.24448106,2.31776004,-3.34511032,4.38793707e+01,8.32946782,2.28400133,2,2.927600525036624
2.70935777e+06,1.30434669e+02,-1.44140881e-05,6.56836943,4.24258230,2.32169727,-3.34511032,4.33823588e+01,8.32978909,2.28518076,2,2.9375529605814443
2.70942794e+06,1.30433663e+02,-1.43646435e-05,6.56864352,4.24068280,2.32563332,-3.34511032,4.28765739e+01,8.32999900,2.28605856,2,2.948151873954914
2.70950456e+06,1.30432571e+02,-1.43075646e-05,6.56890966,4.23878219,2.32956760,-3.34511032,4.23576282e+01,8.33004186,2.28648386,2,2.9597250354580824
2.70958423e+06,1.30431436e+02,-1.42521484e-05,6.56917550,4.23688187,2.33350117,-3.34511032,4.18460789e+01,8.33012803,2.28703749,2,2.9717588879372676
2.70967772e+06,1.30430113e+02,-1.42042236e-05,6.56944002,4.23498281,2.33743154,-3.34511032,4.13678567e+01,8.33040937,2.28816931,2,2.9858801991997606
2.70977120e+06,1.30428789e+02,-1.41562987e-05,6.56970453,4.23308375,2.34136192,-3.34511032,4.08896344e+01,8.33069072,2.28930113,3,3.0
2.70985314e+06,1.30427638e+02,-1.41221007e-05,6.56988678,4.23167143,2.34427767,-3.34511035,4.05482810e+01,8.33075067,2.28975163,3,3.023977924156706
2.70993508e+06,1.30426486e+02,-1.40879027e-05,6.57006903,4.23025912,2.34719343,-3.34511038,4.02069275e+01,8.33081062,2.29020213,3,3.0479558483134124
2.71001705e+06,1.30425334e+02,-1.40537560e-05,6.57025067,4.22884682,2.35010885,-3.34511042,3.98658851e+01,8.33087291,2.29065873,3,3.0719425513048733
2.71010090e+06,1.30424165e+02,-1.40234200e-05,6.57038720,4.22743538,2.35299999,-3.34511053,3.95479391e+01,8.33110941,2.29156827,3,3.096479394611481
2.71018476e+06,1.30422995e+02,-1.39930840e-05,6.57052374,4.22602394,2.35589113,-3.34511064,3.92299930e+01,8.33134590,2.29247781,3,3.1210191641962948
2.71026861e+06,1.30421825e+02,-1.39627481e-05,6.57066027,4.22461251,2.35878227,-3.34511075,3.89120469e+01,8.33158239,2.29338735,3,3.1455560075029023
2.71035719e+06,1.30420596e+02,-1.39115373e-05,6.57077694,4.22320031,2.36166501,-3.34511101,3.85414845e+01,8.33158827,2.29366782,3,3.171476980431927
2.71045028e+06,1.30419311e+02,-1.38403531e-05,6.57087461,4.22178738,2.36453970,-3.34511142,3.81205777e+01,8.33137348,2.29334639,3,3.1987177048613353
2.71055020e+06,1.30417935e+02,-1.37848306e-05,6.57095844,4.22037463,2.36740711,-3.34511195,3.77472658e+01,8.33135242,2.29358958,3,3.2279570773503408
2.71065434e+06,1.30416505e+02,-1.37389845e-05,6.57103373,4.21896200,2.37027002,-3.34511257,3.74033596e+01,8.33145105,2.29418162,3,3.2584313392697095
2.71075214e+06,1.30415168e+02,-1.36989850e-05,6.57109558,4.21755000,2.37312494,-3.34511324,3.70806399e+01,8.33165089,2.29501749,3,3.2870503407651226
2.71085058e+06,1.30413824e+02,-1.36585303e-05,6.57115961,4.21613791,2.37598113,-3.34511394,3.67574049e+01,8.33181830,2.29576286,3,3.3158566240698146
2.71095794e+06,1.30412365e+02,-1.36109798e-05,6.57124864,4.21472475,2.37885197,-3.34511481,3.64171897e+01,8.33167388,2.29566155,3,3.347273147592668
2.71106652e+06,1.30410894e+02,-1.35693916e-05,6.57134045,4.21331209,2.38172319,-3.34511573,3.60947599e+01,8.33167752,2.29597239,3,3.3790466770647054
2.71117647e+06,1.30409407e+02,-1.35344306e-05,6.57143537,4.21190000,2.38459484,-3.34511669,3.57920987e+01,8.33184575,2.29674134,3,3.4112211066599714
2.71129482e+06,1.30407813e+02,-1.34976529e-05,6.57153803,4.21048760,2.38747096,-3.34511780,3.54864543e+01,8.33195834,2.29736693,3,3.4458536100031396
2.71142004e+06,1.30406130e+02,-1.34593910e-05,6.57164701,4.20907496,2.39035074,-3.34511902,3.51783728e+01,8.33202548,2.29787541,3,3.4824964665190015
2.71155520e+06,1.30404319e+02,-1.33755620e-05,6.57170505,4.20766249,2.39320470,-3.34512186,3.47560229e+01,8.33213057,2.29851190,3,3.5220480436367243
2.71169460e+06,1.30402461e+02,-1.33225851e-05,6.57175311,4.20624970,2.39605430,-3.34512580,3.44176161e+01,8.33219126,2.29902502,3,3.5628403627414946
2.71183621e+06,1.30400579e+02,-1.32793683e-05,6.57184654,4.20483710,2.39892621,-3.34512964,3.41040392e+01,8.33226231,2.29956470,3,3.6042793893442573
2.71199040e+06,1.30398537e+02,-1.32401843e-05,6.57196060,4.20342474,2.40180796,-3.34513390,3.38016775e+01,8.33235064,2.30017331,3,3.6493996740125967
2.71216283e+06,1.30396259e+02,-1.32053883e-05,6.57207470,4.20201262,2.40468926,-3.34513813,3.35123543e+01,8.33245660,2.30086204,3,3.699857490248229
2.71236463e+06,1.30393601e+02,-1.31691389e-05,6.57218155,4.20060035,2.40756722,-3.34514245,3.32215834e+01,8.33251812,2.30147790,3,3.7589097857671714
2.71259903e+06,1.30390522e+02,-1.31322500e-05,6.57226596,4.19918879,2.41043255,-3.34514696,3.29323966e+01,8.33264102,2.30231728,3,3.827501748451252
2.71287044e+06,1.30386969e+02,-1.30943663e-05,6.57233232,4.19777758,2.41328816,-3.34515155,3.26434830e+01,8.33273439,2.30313120,3,3.9069238670182482
2.71318851e+06,1.30382817e+02,-1.30328305e-05,6.57236391,4.19636985,2.41611940,-3.34515791,3.22993573e+01,8.33251978,2.30317030,3,4.0
