star_age,star_mass,star_mdot,log_Teff,log_R,log_surf_z,surface_h1,surface_he3,log_center_T,log_center_Rho,phase,x
1.72604307e+03,4.99999966e-01,-1.78464863e-11,3.67814346,8.91385342e-01,-3.84509847,7.50629130e-01,4.13624921e-05,5.71294119,-1.95076032,-1,-1.0
1.82443422e+03,4.99999964e-01,-1.75425647e-11,3.67830680,8.88682276e-01,-3.84509847,7.50629130e-01,4.13624922e-05,5.71547226,-1.94320653,-1,-0.9999989163786914
1.92840687e+03,4.99999963e-01,-1.72317984e-11,3.67847308,8.85875612e-01,-3.84509847,7.50629130e-01,4.13624922e-05,5.71810117,-1.93535952,-1,-0.9999977712860786
2.03819346e+03,4.99999961e-01,-1.69146567e-11,3.67864465,8.82965080e-01,-3.84509847,7.50629130e-01,4.13624923e-05,5.72082796,-1.92722059,-1,-0.999996562162206
2.15402893e+03,4.99999959e-01,-1.65917852e-11,3.67882284,8.79950021e-01,-3.84509847,7.50629130e-01,4.13624924e-05,5.72365349,-1.91878627,-1,-0.999995286419585
2.27614905e+03,4.99999957e-01,-1.62664619e-11,3.67900518,8.76830418e-01,-3.84509847,7.50629130e-01,4.13624924e-05,5.72657789,-1.91005594,-1,-0.9999939414615859
2.40565076e+03,4.99999955e-01,-1.59353150e-11,3.67919334,8.73593060e-01,-3.84509847,7.50629130e-01,4.13624926e-05,5.72961337,-1.90099476,-1,-0.9999925152071673
2.54237020e+03,4.99999953e-01,-1.55991520e-11,3.67938698,8.70245508e-01,-3.84509847,7.50629130e-01,4.13624927e-05,5.73275320,-1.89162047,-1,-0.9999910094609851
2.68643656e+03,4.99999950e-01,-1.52588848e-11,3.67958651,8.66790228e-01,-3.84509847,7.50629130e-01,4.13624928e-05,5.73599513,-1.88193951,-1,-0.999989422800218
2.83918403e+03,4.99999948e-01,-1.49152016e-11,3.67980982,8.63212518e-01,-3.84509847,7.50629130e-01,4.13624930e-05,5.73935305,-1.87191052,-1,-0.9999877405308948
2.99997277e+03,4.99999946e-01,-1.45683658e-11,3.68001966,8.59527500e-01,-3.84509847,7.50629130e-01,4.13624932e-05,5.74281287,-1.86157729,-1,-0.9999859696998309
3.17044619e+03,4.99999943e-01,-1.42195390e-11,3.68023404,8.55719094e-01,-3.84509847,7.50629130e-01,4.13624935e-05,5.74638961,-1.85089190,-1,-0.9999840922074908
3.35006929e+03,4.99999941e-01,-1.38679279e-11,3.68045366,8.51800416e-01,-3.84509847,7.50629130e-01,4.13624938e-05,5.75007142,-1.83989173,-1,-0.999982113946045
3.53985984e+03,4.99999938e-01,-1.35146139e-11,3.68067849,8.47764625e-01,-3.84509847,7.50629130e-01,4.13624942e-05,5.75386478,-1.82855930,-1,-0.9999800237063828
3.74062160e+03,4.99999936e-01,-1.31600344e-11,3.68090752,8.43609489e-01,-3.84509847,7.50629130e-01,4.13624947e-05,5.75777150,-1.81688557,-1,-0.9999778126363722
3.95229937e+03,4.99999933e-01,-1.28049817e-11,3.68114100,8.39341752e-01,-3.84509847,7.50629130e-01,4.13624953e-05,5.76178548,-1.80488995,-1,-0.999975481343953
4.17567014e+03,4.99999930e-01,-1.24501062e-11,3.68137779,8.34959630e-01,-3.84509847,7.50629130e-01,4.13624961e-05,5.76590814,-1.79256763,-1,-0.9999730212718217
4.41207443e+03,4.99999927e-01,-1.20935976e-11,3.68162603,8.30456518e-01,-3.84509847,7.50629130e-01,4.13624971e-05,5.77014667,-1.77989899,-1,-0.9999704176562927
4.66168384e+03,4.99999924e-01,-1.17420268e-11,3.68187261,8.25838642e-01,-3.84509847,7.50629130e-01,4.13624983e-05,5.77449467,-1.76690037,-1,-0.9999676686074658
4.92519427e+03,4.99999921e-01,-1.13913705e-11,3.68212108,8.21107392e-01,-3.84509847,7.50629130e-01,4.13624998e-05,5.77895146,-1.75357250,-1,-0.9999647664611145
5.20340635e+03,4.99999918e-01,-1.10422127e-11,3.68237223,8.16263121e-01,-3.84509847,7.50629130e-01,4.13625018e-05,5.78351700,-1.73992255,-1,-0.9999617023995787
5.49714431e+03,4.99999915e-01,-1.06954527e-11,3.68262353,8.11307069e-01,-3.84509847,7.50629130e-01,4.13625042e-05,5.78819015,-1.72595038,-1,-0.9999584673452818
5.80726241e+03,4.99999912e-01,-1.03501397e-11,3.68287888,8.06244503e-01,-3.84509847,7.50629130e-01,4.13625073e-05,5.79288755,-1.71180474,-1,-0.999955051889915
6.13465024e+03,4.99999908e-01,-1.00118231e-11,3.68313721,8.01075136e-01,-3.84509847,7.50629130e-01,4.13625114e-05,5.79768367,-1.69735984,-1,-0.9999514462360657
6.48066521e+03,4.99999905e-01,-9.67673234e-12,3.68339858,7.95791530e-01,-3.84509847,7.50629130e-01,4.13625165e-05,5.80265795,-1.68246651,-1,-0.9999476354340315
6.84594986e+03,4.99999902e-01,-9.34585954e-12,3.68366409,7.90403161e-01,-3.84509847,7.50629130e-01,4.13625232e-05,5.80773776,-1.66725832,-1,-0.9999436124072612
7.23139303e+03,4.99999898e-01,-9.01989607e-12,3.68392974,7.84911061e-01,-3.84509847,7.50629130e-01,4.13625318e-05,5.81292280,-1.65174068,-1,-0.9999393673666022
7.63803695e+03,4.99999895e-01,-8.69915730e-12,3.68419567,7.79319519e-01,-3.84509847,7.50629130e-01,4.13625429e-05,5.81820381,-1.63593372,-1,-0.9999348888335563
8.06800117e+03,4.99999891e-01,-8.38422063e-12,3.68446277,7.73624300e-01,-3.84509847,7.50629130e-01,4.13625575e-05,5.82358953,-1.61981356,-1,-0.999930153464667
8.52155472e+03,4.99999887e-01,-8.07470470e-12,3.68472987,7.67832332e-01,-3.84509847,7.50629130e-01,4.13625765e-05,5.82907042,-1.60340697,-1,-0.9999251582969986
9.00007744e+03,4.99999883e-01,-7.77222402e-12,3.68499647,7.61945173e-01,-3.84509847,7.50629130e-01,4.13626012e-05,5.83464517,-1.58672012,-1,-0.9999198881338182
9.50580683e+03,4.99999880e-01,-7.47609473e-12,3.68526465,7.55964731e-01,-3.84509847,7.50629130e-01,4.13626339e-05,5.84031067,-1.56976210,-1,-0.9999143183326383
1.00390335e+04,4.99999876e-01,-7.18677443e-12,3.68553572,7.49896441e-01,-3.84509847,7.50629130e-01,4.13626766e-05,5.84606259,-1.55254609,-1,-0.9999084456928543
1.06023967e+04,4.99999872e-01,-6.90387718e-12,3.68580133,7.43738788e-01,-3.84509847,7.50629130e-01,4.13627333e-05,5.85190206,-1.53506548,-1,-0.9999022411473443
1.11967618e+04,4.99999868e-01,-6.62931626e-12,3.68606688,7.37498408e-01,-3.84509847,7.50629130e-01,4.13628081e-05,5.85782249,-1.51734234,-1,-0.9998956951654404
1.18239422e+04,4.99999864e-01,-6.36157600e-12,3.68633327,7.31176734e-01,-3.84509847,7.50629130e-01,4.13629069e-05,5.86382326,-1.49937478,-1,-0.9998887877754391
1.24864215e+04,4.99999860e-01,-6.10122584e-12,3.68659716,7.24774664e-01,-3.84509847,7.50629130e-01,4.13630389e-05,5.86990343,-1.48116446,-1,-0.9998814916244546
1.31854255e+04,4.99999856e-01,-5.84787144e-12,3.68685786,7.18298284e-01,-3.84509847,7.50629130e-01,4.13632142e-05,5.87605755,-1.46272955,-1,-0.9998737932122586
1.39228259e+04,4.99999851e-01,-5.60282527e-12,3.68712039,7.11747615e-01,-3.84509847,7.50629130e-01,4.13634473e-05,5.88228587,-1.44406837,-1,-0.999865671925066
1.47014323e+04,4.99999847e-01,-5.36468421e-12,3.68737973,7.05125574e-01,-3.84509847,7.50629130e-01,4.13637593e-05,5.88858553,-1.42519568,-1,-0.9998570968196221
1.55234329e+04,4.99999843e-01,-5.13477331e-12,3.68763260,6.98433789e-01,-3.84509847,7.50629130e-01,4.13641776e-05,5.89495514,-1.40611351,-1,-0.9998480437964002
1.63907586e+04,4.99999839e-01,-4.91201903e-12,3.68788165,6.91679083e-01,-3.84509847,7.50629130e-01,4.13647377e-05,5.90138738,-1.38684415,-1,-0.9998384915896219
1.73059347e+04,4.99999834e-01,-4.69661496e-12,3.68812748,6.84863451e-01,-3.84509847,7.50629129e-01,4.13654883e-05,5.90788034,-1.36738650,-1,-0.9998284123871427
1.82716487e+04,4.99999830e-01,-4.48868445e-12,3.68836787,6.77988663e-01,-3.84509847,7.50629129e-01,4.13664960e-05,5.91443341,-1.34774699,-1,-0.9998177765904441
1.92907731e+04,4.99999825e-01,-4.28776881e-12,3.68860294,6.71058193e-01,-3.84509847,7.50629129e-01,4.13678504e-05,5.92104352,-1.32793427,-1,-0.9998065525635284
2.03664976e+04,4.99999821e-01,-4.09482629e-12,3.68883466,6.64076989e-01,-3.84509847,7.50629128e-01,4.13696750e-05,5.92770655,-1.30796580,-1,-0.9997947051769462
2.15017462e+04,4.99999816e-01,-3.90874172e-12,3.68905983,6.57046841e-01,-3.84509847,7.50629127e-01,4.13721333e-05,5.93442079,-1.28784442,-1,-0.9997822022275099
2.26998211e+04,4.99999812e-01,-3.72988485e-12,3.68927900,6.49973122e-01,-3.84509847,7.50629126e-01,4.13754481e-05,5.94118023,-1.26758711,-1,-0.9997690073467626
2.39642546e+04,4.99999807e-01,-3.55801005e-12,3.68949471,6.42859754e-01,-3.84509847,7.50629125e-01,4.13799202e-05,5.94798062,-1.24720205,-1,-0.9997550816320635
2.52987293e+04,4.99999803e-01,-3.39313304e-12,3.68970593,6.35711591e-01,-3.84509847,7.50629123e-01,4.13859551e-05,5.95481701,-1.22670725,-1,-0.9997403845254578
2.67070832e+04,4.99999798e-01,-3.23487506e-12,3.68990860,6.28533892e-01,-3.84509847,7.50629120e-01,4.13940982e-05,5.96168423,-1.20611572,-1,-0.9997248737575077
2.81934047e+04,4.99999793e-01,-3.08357192e-12,3.69010249,6.21333228e-01,-3.84509847,7.50629116e-01,4.14050845e-05,5.96857677,-1.18544600,-1,-0.9997085043010199
2.97620311e+04,4.99999789e-01,-2.93842564e-12,3.69028761,6.14116733e-01,-3.84509847,7.50629111e-01,4.14198968e-05,5.97548891,-1.16471669,-1,-0.9996912283875646
3.14176190e+04,4.99999784e-01,-2.80009824e-12,3.69046515,6.06893705e-01,-3.84509847,7.50629105e-01,4.14398543e-05,5.98241149,-1.14395730,-1,-0.9996729947321336
3.31651023e+04,4.99999779e-01,-2.66804183e-12,3.69063364,5.99677490e-01,-3.84509847,7.50629096e-01,4.14667066e-05,5.98933043,-1.12320560,-1,-0.9996537489957013
3.50097137e+04,4.99999774e-01,-2.54219722e-12,3.69079260,5.92480336e-01,-3.84509847,7.50629084e-01,4.15027658e-05,5.99623422,-1.10249553,-1,-0.999633433548438
3.69571386e+04,4.99999770e-01,-2.42272009e-12,3.69094147,5.85320007e-01,-3.84509847,7.50629068e-01,4.15510848e-05,6.00310583,-1.08188209,-1,-0.9996119857747471
3.90135129e+04,4.99999765e-01,-2.30966525e-12,3.69108084,5.78219167e-01,-3.84509847,7.50629046e-01,4.16156332e-05,6.00992383,-1.06143104,-1,-0.9995893380974937
4.11854885e+04,4.99999760e-01,-2.20290964e-12,3.69120929,5.71203813e-01,-3.84509847,7.50629017e-01,4.17015537e-05,6.01666357,-1.04121685,-1,-0.999565417256628
4.34805230e+04,4.99999755e-01,-2.10257100e-12,3.69132834,5.64306164e-01,-3.84509847,7.50628979e-01,4.18154181e-05,6.02329349,-1.02132759,-1,-0.9995401411186012
4.59055661e+04,4.99999750e-01,-2.00871119e-12,3.69142975,5.57565735e-01,-3.84509847,7.50628930e-01,4.19651110e-05,6.02977491,-1.00188122,-1,-0.9995134331435724
4.84699077e+04,4.99999745e-01,-1.92127518e-12,3.69152334,5.51027998e-01,-3.84509847,7.50628864e-01,4.21605370e-05,6.03606385,-9.83009228e-01,-1,-0.9994851910181365
5.11823376e+04,4.99999740e-01,-1.84091192e-12,3.69160615,5.44743634e-01,-3.84509847,7.50628780e-01,4.24130019e-05,6.04211149,-9.64857098e-01,-1,-0.9994553179366904
5.40514223e+04,4.99999735e-01,-1.76711495e-12,3.69167720,5.38762108e-01,-3.84509847,7.50628673e-01,4.27344078e-05,6.04787011,-9.47575685e-01,-1,-0.9994237195529243
5.70849323e+04,4.99999730e-01,-1.70028316e-12,3.69173921,5.33125884e-01,-3.84509847,7.50628539e-01,4.31362016e-05,6.05329819,-9.31285615e-01,-1,-0.9993903102871964
6.03003859e+04,4.99999724e-01,-1.64044085e-12,3.69179116,5.27891383e-01,-3.84509847,7.50628373e-01,4.36342703e-05,6.05834089,-9.16152016e-01,-1,-0.9993548972034227
6.36991598e+04,4.99999719e-01,-1.58691011e-12,3.69183743,5.23061592e-01,-3.84509847,7.50628173e-01,4.42336052e-05,6.06299514,-9.02184275e-01,-1,-0.9993174651394526
6.72975107e+04,4.99999713e-01,-1.53945108e-12,3.69187352,5.18653185e-01,-3.84509847,7.50627937e-01,4.49439791e-05,6.06724468,-8.89431356e-01,-1,-0.9992778350537103
7.11079875e+04,4.99999708e-01,-1.49757062e-12,3.69190312,5.14645300e-01,-3.84509847,7.50627662e-01,4.57688690e-05,6.07110898,-8.77833112e-01,-1,-0.9992358687401127
7.51427158e+04,4.99999702e-01,-1.46040418e-12,3.69192718,5.10988749e-01,-3.84509847,7.50627349e-01,4.67065470e-05,6.07463554,-8.67249510e-01,-1,-0.9991914326545502
7.94099042e+04,4.99999696e-01,-1.42692620e-12,3.69194769,5.07610120e-01,-3.84509847,7.50627002e-01,4.77489143e-05,6.07789473,-8.57467348e-01,-1,-0.9991444363924095
8.39147945e+04,4.99999689e-01,-1.39634948e-12,3.69196535,5.04422894e-01,-3.84509847,7.50626623e-01,4.88846789e-05,6.08096994,-8.48235327e-01,-1,-0.9990948222236388
8.86885750e+04,4.99999683e-01,-1.36768624e-12,3.69198422,5.01344459e-01,-3.84509847,7.50626215e-01,5.01083841e-05,6.08394081,-8.39318615e-01,-1,-0.9990422466589459
9.37171605e+04,4.99999676e-01,-1.33993916e-12,3.69200053,4.98276655e-01,-3.84509847,7.50625785e-01,5.13992029e-05,6.08690207,-8.30429978e-01,-1,-0.9989868648243039
9.90479360e+04,4.99999669e-01,-1.31200685e-12,3.69201269,4.95113957e-01,-3.84509847,7.50625335e-01,5.27496335e-05,6.08995549,-8.21263720e-01,-1,-0.998928154849649
1.04661978e+05,4.99999662e-01,-1.28321874e-12,3.69202363,4.91778638e-01,-3.84509847,7.50624872e-01,5.41382860e-05,6.09317604,-8.11595441e-01,-1,-0.9988663251470979
1.10601504e+05,4.99999654e-01,-1.25245795e-12,3.69203311,4.88141710e-01,-3.84509847,7.50624402e-01,5.55483441e-05,6.09668863,-8.01049998e-01,-1,-0.9988009107583431
1.16850343e+05,4.99999647e-01,-1.21911600e-12,3.69204143,4.84132381e-01,-3.84509847,7.50623932e-01,5.69577957e-05,6.10056147,-7.89423618e-01,-1,-0.9987320897811115
1.23448809e+05,4.99999639e-01,-1.18207103e-12,3.69204649,4.79588325e-01,-3.84509847,7.50623472e-01,5.83376378e-05,6.10495179,-7.76242601e-01,-1,-0.9986594182211066
1.30394012e+05,4.99999631e-01,-1.14068052e-12,3.69204646,4.74389903e-01,-3.84509847,7.50623033e-01,5.96540128e-05,6.10997581,-7.61157319e-01,-1,-0.9985829279070607
1.37691348e+05,4.99999623e-01,-1.09424285e-12,3.69203716,4.68381019e-01,-3.84509847,7.50622630e-01,6.08636055e-05,6.11578451,-7.43715115e-01,-1,-0.9985025594106556
1.45340784e+05,4.99999615e-01,-1.04231440e-12,3.69201970,4.61400298e-01,-3.84509847,7.50622279e-01,6.19164311e-05,6.12253465,-7.23445011e-01,-1,-0.9984183130953336
1.53341506e+05,4.99999607e-01,-9.84942544e-13,3.69198745,4.53293166e-01,-3.84509847,7.50621999e-01,6.27559988e-05,6.13037633,-6.99895832e-01,-1,-0.9983301979260039
1.61680988e+05,4.99999599e-01,-9.22926772e-13,3.69193437,4.44033650e-01,-3.84509847,7.50621803e-01,6.33459213e-05,6.13933660,-6.72981981e-01,-1,-0.9982383518565427
1.70370628e+05,4.99999591e-01,-8.58688951e-13,3.69185716,4.33761046e-01,-3.84509847,7.50621690e-01,6.36844927e-05,6.14928382,-6.43101968e-01,-1,-0.9981426493561918
1.79445616e+05,4.99999584e-01,-7.95168249e-13,3.69175064,4.22850432e-01,-3.84509847,7.50621641e-01,6.38307228e-05,6.15985513,-6.11348853e-01,-1,-0.9980427028633272
1.88974193e+05,4.99999576e-01,-7.35273168e-13,3.69161069,4.11747541e-01,-3.84509847,7.50621627e-01,6.38729587e-05,6.17061712,-5.79021675e-01,-1,-0.9979377608123691
1.99017102e+05,4.99999569e-01,-6.80387671e-13,3.69144928,4.00751998e-01,-3.84509847,7.50621624e-01,6.38805664e-05,6.18128057,-5.46981055e-01,-1,-0.9978271542162273
2.09615369e+05,4.99999562e-01,-6.30513761e-13,3.69126443,3.89967334e-01,-3.84509847,7.50621624e-01,6.38813281e-05,6.19185288,-5.15338367e-01,-1,-0.9977104312390628
2.20803510e+05,4.99999556e-01,-5.85044142e-13,3.69105727,3.79402956e-01,-3.84509847,7.50621624e-01,6.38813649e-05,6.20219106,-4.84373114e-01,-1,-0.997587211742285
2.32620395e+05,4.99999549e-01,-5.43518347e-13,3.69082485,3.69049324e-01,-3.84509847,7.50621624e-01,6.38813657e-05,6.21225099,-4.54143700e-01,-1,-0.9974570676349502
2.45086667e+05,4.99999543e-01,-5.05486586e-13,3.69056933,3.58887832e-01,-3.84509847,7.50621624e-01,6.38813657e-05,6.22212442,-4.24463992e-01,-1,-0.9973197715673967
2.58255415e+05,4.99999536e-01,-4.70673756e-13,3.69030365,3.48906468e-01,-3.84509847,7.50621624e-01,6.38813657e-05,6.23182692,-3.95295098e-01,-1,-0.9971747388491147
2.72146516e+05,4.99999530e-01,-4.38652464e-13,3.69001174,3.39093090e-01,-3.84509847,7.50621624e-01,6.38813657e-05,6.24136990,-3.66605385e-01,-1,-0.9970217505667084
2.86805417e+05,4.99999524e-01,-4.09156685e-13,3.68969841,3.29437105e-01,-3.84509847,7.50621624e-01,6.38813657e-05,6.25076269,-3.38365326e-01,-1,-0.9968603061940878
3.02279727e+05,4.99999518e-01,-3.81993522e-13,3.68936537,3.19928973e-01,-3.84509847,7.50621624e-01,6.38813657e-05,6.26001510,-3.10541202e-01,-1,-0.9966898813941875
3.18605282e+05,4.99999512e-01,-3.56909949e-13,3.68901142,3.10558725e-01,-3.84509847,7.50621624e-01,6.38813658e-05,6.26913705,-2.83109990e-01,-1,-0.9965100814907256
3.35830305e+05,4.99999506e-01,-3.33672064e-13,3.68863967,3.01317893e-01,-3.84509847,7.50621624e-01,6.38813658e-05,6.27813605,-2.56044849e-01,-1,-0.9963203753844078
3.54006226e+05,4.99999500e-01,-3.12217260e-13,3.68825393,2.92198705e-01,-3.84509847,7.50621624e-01,6.38813658e-05,6.28701960,-2.29324045e-01,-1,-0.9961201966559584
3.73180230e+05,4.99999494e-01,-2.92310953e-13,3.68783998,2.83196407e-01,-3.84509847,7.50621624e-01,6.38813658e-05,6.29579198,-2.02933328e-01,-1,-0.9959090256379943
3.93413055e+05,4.99999489e-01,-2.73786721e-13,3.68741598,2.74300817e-01,-3.84509847,7.50621624e-01,6.38813658e-05,6.30446498,-1.76844963e-01,-1,-0.9956861933984925
4.14761534e+05,4.99999483e-01,-2.56634235e-13,3.68697784,2.65505987e-01,-3.84509847,7.50621624e-01,6.38813658e-05,6.31304175,-1.51042959e-01,-1,-0.9954510740127652
4.37285031e+05,4.99999477e-01,-2.40664954e-13,3.68652310,2.56806735e-01,-3.84509847,7.50621624e-01,6.38813658e-05,6.32152713,-1.25511985e-01,-1,-0.9952030136812039
4.61049488e+05,4.99999472e-01,-2.25801051e-13,3.68605805,2.48196951e-01,-3.84509847,7.50621624e-01,6.38813659e-05,6.32992649,-1.00234426e-01,-1,-0.9949412861580401
4.86118430e+05,4.99999467e-01,-2.11951653e-13,3.68557569,2.39672876e-01,-3.84509847,7.50621624e-01,6.38813659e-05,6.33824439,-7.51999072e-02,-1,-0.9946651918168988
5.12563793e+05,4.99999461e-01,-1.99027298e-13,3.68508046,2.31229412e-01,-3.84509847,7.50621624e-01,6.38813660e-05,6.34648593,-5.03922636e-02,-1,-0.994373938397679
5.40458703e+05,4.99999456e-01,-1.86978480e-13,3.68457264,2.22862478e-01,-3.84509847,7.50621624e-01,6.38813660e-05,6.35465440,-2.58004355e-02,-1,-0.9940667205343305
5.69898911e+05,4.99999451e-01,-1.75724711e-13,3.68404962,2.14569420e-01,-3.84509847,7.50621624e-01,6.38813661e-05,6.36275254,-1.41711407e-03,-1,-0.993742483682579
6.00958131e+05,4.99999445e-01,-1.65210537e-13,3.68351461,2.06345485e-01,-3.84509847,7.50621624e-01,6.38813662e-05,6.37078498,2.27735252e-02,-1,-0.993400416000494
6.33715329e+05,4.99999440e-01,-1.55373019e-13,3.68296720,1.98187000e-01,-3.84509847,7.50621624e-01,6.38813664e-05,6.37875579,4.67777777e-02,-1,-0.9930396478037571
6.68267607e+05,4.99999435e-01,-1.46166445e-13,3.68240852,1.90090619e-01,-3.84509847,7.50621624e-01,6.38813666e-05,6.38666760,7.06040656e-02,-1,-0.992659109668987
7.04735673e+05,4.99999430e-01,-1.37553644e-13,3.68183841,1.82054099e-01,-3.84509847,7.50621624e-01,6.38813668e-05,6.39452210,9.42621403e-02,-1,-0.9922574721904301
7.43195763e+05,4.99999425e-01,-1.29472514e-13,3.68125462,1.74074277e-01,-3.84509847,7.50621624e-01,6.38813672e-05,6.40232175,1.17760064e-01,-1,-0.9918338957503561
7.83760764e+05,4.99999420e-01,-1.21911137e-13,3.68066291,1.66148484e-01,-3.84509847,7.50621624e-01,6.38813676e-05,6.41006986,1.41106172e-01,-1,-0.9913871370788297
8.26576574e+05,4.99999415e-01,-1.14825492e-13,3.68006135,1.58275374e-01,-3.84509847,7.50621624e-01,6.38813681e-05,6.41776743,1.64307030e-01,-1,-0.990915589342496
8.71727891e+05,4.99999410e-01,-1.08172321e-13,3.67945266,1.50450664e-01,-3.84509847,7.50621624e-01,6.38813688e-05,6.42541939,1.87371149e-01,-1,-0.9904183197282149
9.19368367e+05,4.99999405e-01,-1.01932859e-13,3.67883395,1.42672392e-01,-3.84509847,7.50621624e-01,6.38813697e-05,6.43302710,2.10300494e-01,-1,-0.9898936360047105
9.69624362e+05,4.99999400e-01,-9.60721775e-14,3.67820327,1.34938892e-01,-3.84509847,7.50621624e-01,6.38813708e-05,6.44059281,2.33104862e-01,-1,-0.9893401465184799
1.02263406e+06,4.99999395e-01,-9.05716157e-14,3.67756914,1.27247454e-01,-3.84509847,7.50621624e-01,6.38813722e-05,6.44811818,2.55793464e-01,-1,-0.9887563293935526
1.07857949e+06,4.99999390e-01,-8.54049303e-14,3.67693241,1.19596674e-01,-3.84509847,7.50621624e-01,6.38813741e-05,6.45560409,2.78368261e-01,-1,-0.9881401798713385
1.13759444e+06,4.99999385e-01,-8.05592404e-14,3.67630723,1.11981425e-01,-3.84509847,7.50621624e-01,6.38813764e-05,6.46305586,3.00846284e-01,-1,-0.9874902244907829
1.19989470e+06,4.99999380e-01,-7.60111287e-14,3.67568581,1.04400979e-01,-3.84509847,7.50621624e-01,6.38813793e-05,6.47047369,3.23225134e-01,-1,-0.9868040866698238
1.26559149e+06,4.99999375e-01,-7.17324822e-14,3.67506335,9.68526489e-02,-3.84509847,7.50621624e-01,6.38813829e-05,6.47786076,3.45512175e-01,-1,-0.9860805414978677
1.33494412e+06,4.99999371e-01,-6.77165814e-14,3.67443945,8.93360836e-02,-3.84509847,7.50621624e-01,6.38813876e-05,6.48521769,3.67712424e-01,-1,-0.9853167330895886
1.40807568e+06,4.99999366e-01,-6.39303881e-14,3.67381337,8.18488771e-02,-3.84509847,7.50621624e-01,6.38813934e-05,6.49254718,3.89828731e-01,-1,-0.9845113058053084
1.48527011e+06,4.99999361e-01,-6.03717853e-14,3.67318441,7.43905869e-02,-3.84509847,7.50621624e-01,6.38814008e-05,6.49984844,4.11865902e-01,-1,-0.9836611324996051
1.56668242e+06,4.99999356e-01,-5.70185346e-14,3.67255575,6.69589681e-02,-3.84509847,7.50621624e-01,6.38814100e-05,6.50712437,4.33832744e-01,-1,-0.9827645059850023
1.65260662e+06,4.99999352e-01,-5.38612196e-14,3.67192555,5.95530520e-02,-3.84509847,7.50621624e-01,6.38814216e-05,6.51437555,4.55727693e-01,-1,-0.9818181882111173
1.74324146e+06,4.99999347e-01,-5.08859129e-14,3.67129514,5.21712765e-02,-3.84509847,7.50621624e-01,6.38814361e-05,6.52160342,4.77556544e-01,-1,-0.9808199902642617
1.83887382e+06,4.99999342e-01,-4.80819704e-14,3.67066206,4.48127499e-02,-3.84509847,7.50621624e-01,6.38814542e-05,6.52880933,4.99324977e-01,-1,-0.9797667526196102
1.93978506e+06,4.99999338e-01,-4.54420662e-14,3.67003464,3.74748574e-02,-3.84509848,7.50621624e-01,6.38814769e-05,6.53599527,5.21034709e-01,-1,-0.978655376546318
2.04623510e+06,4.99999333e-01,-4.29524164e-14,3.66940938,3.01564296e-02,-3.84509848,7.50621624e-01,6.38815053e-05,6.54316196,5.42690443e-01,-1,-0.9774829994408837
2.15859457e+06,4.99999328e-01,-4.06060305e-14,3.66878739,2.28564771e-02,-3.84509848,7.50621624e-01,6.38815407e-05,6.55031010,5.64294541e-01,-1,-0.9762455394060472
2.27708177e+06,4.99999324e-01,-3.83927615e-14,3.66817082,1.55731997e-02,-3.84509848,7.50621624e-01,6.38815846e-05,6.55743045,5.85862021e-01,-1,-0.974940592216107
2.40209659e+06,4.99999319e-01,-3.63003074e-14,3.66751332,8.31317511e-03,-3.84509849,7.50621624e-01,6.38816395e-05,6.56443815,6.07468737e-01,-1,-0.9735637537216546
2.53411759e+06,4.99999314e-01,-3.43370468e-14,3.66694542,1.05842916e-03,-3.84509849,7.50621624e-01,6.38817073e-05,6.57132508,6.29205543e-01,-1,-0.9721097533489299
2.67337764e+06,4.99999310e-01,-3.24839013e-14,3.66634877,-6.17819543e-03,-3.84509850,7.50621624e-01,6.38817903e-05,6.57808774,6.51046396e-01,-1,-0.9705760264069612
2.82032041e+06,4.99999305e-01,-3.07336985e-14,3.66575671,-1.33993931e-02,-3.84509851,7.50621624e-01,6.38818907e-05,6.58473727,6.72999827e-01,-1,-0.9689576865795914
2.97532898e+06,4.99999301e-01,-2.90830464e-14,3.66517368,-2.06052042e-02,-3.84509853,7.50621624e-01,6.38820114e-05,6.59128583,6.95073930e-01,-1,-0.9672505148527032
3.13898537e+06,4.99999296e-01,-2.75270218e-14,3.66460090,-2.77956557e-02,-3.84509854,7.50621625e-01,6.38821541e-05,6.59774020,7.17275530e-01,-1,-0.9654481012059442
3.31155391e+06,4.99999291e-01,-2.60568023e-14,3.66403708,-3.49707236e-02,-3.84509857,7.50621626e-01,6.38823198e-05,6.60411350,7.39606806e-01,-1,-0.9635475344667092
3.49381703e+06,4.99999287e-01,-2.46741484e-14,3.66348311,-4.21295658e-02,-3.84509859,7.50621629e-01,6.38825098e-05,6.61041005,7.62073073e-01,-1,-0.9615401974187096
3.68605269e+06,4.99999282e-01,-2.33673351e-14,3.66293946,-4.92717578e-02,-3.84509862,7.50621632e-01,6.38827261e-05,6.61663999,7.84676110e-01,-1,-0.9594230287766681
3.88894853e+06,4.99999278e-01,-2.21349831e-14,3.66240685,-5.63965946e-02,-3.84509865,7.50621636e-01,6.38829719e-05,6.62280923,8.07422904e-01,-1,-0.9571884552846912
4.10311917e+06,4.99999273e-01,-2.09724632e-14,3.66188725,-6.35031470e-02,-3.84509868,7.50621642e-01,6.38832495e-05,6.62892371,8.30316467e-01,-1,-0.9548297078855148
4.32899248e+06,4.99999269e-01,-1.98745619e-14,3.66137571,-7.05908944e-02,-3.84509872,7.50621650e-01,6.38835610e-05,6.63499085,8.53360935e-01,-1,-0.9523420742747366
4.56761245e+06,4.99999264e-01,-1.88404478e-14,3.66088057,-7.76594004e-02,-3.84509876,7.50621659e-01,6.38839108e-05,6.64101545,8.76567833e-01,-1,-0.9497140565705869
4.81926198e+06,4.99999259e-01,-1.78641454e-14,3.66040027,-8.47090101e-02,-3.84509880,7.50621671e-01,6.38843007e-05,6.64700683,8.99935296e-01,-1,-0.9469425390815815
5.08501485e+06,4.99999255e-01,-1.69434219e-14,3.65993482,-9.17380595e-02,-3.84509884,7.50621686e-01,6.38847345e-05,6.65296916,9.23470199e-01,-1,-0.944015695836699
5.36545446e+06,4.99999250e-01,-1.60744137e-14,3.65948543,-9.87460220e-02,-3.84509889,7.50621705e-01,6.38852152e-05,6.65890741,9.47170860e-01,-1,-0.9409271016170919
5.66139497e+06,4.99999246e-01,-1.52541660e-14,3.65905022,-1.05731597e-01,-3.84509895,7.50621727e-01,6.38857493e-05,6.66482773,9.71048289e-01,-1,-0.9376677897512197
5.97393690e+06,4.99999241e-01,-1.44792727e-14,3.65863312,-1.12694502e-01,-3.84509901,7.50621753e-01,6.38863369e-05,6.67073726,9.95107603e-01,-1,-0.9342256397696859
6.30362257e+06,4.99999236e-01,-1.37510840e-14,3.65823541,-1.19633894e-01,-3.84509908,7.50621785e-01,6.38869836e-05,6.67664027,1.01935069,-1,-0.9305946788842058
6.65194945e+06,4.99999232e-01,-1.30631382e-14,3.65785670,-1.26548056e-01,-3.84509916,7.50621822e-01,6.38876942e-05,6.68254110,1.04378536,-1,-0.9267584148553769
7.01945365e+06,4.99999227e-01,-1.24137837e-14,3.65750133,-1.33437053e-01,-3.84509925,7.50621866e-01,6.38884724e-05,6.68844528,1.06841112,-1,-0.9227109432881424
7.40751643e+06,4.99999222e-01,-1.18011075e-14,3.65716341,-1.40297951e-01,-3.84509935,7.50621918e-01,6.38893199e-05,6.69435715,1.09323468,-1,-0.9184370518105702
7.81720436e+06,4.99999218e-01,-1.12229357e-14,3.65684637,-1.47129801e-01,-3.84509948,7.50621978e-01,6.38902435e-05,6.70028289,1.11826336,-1,-0.9139249938582689
8.24957727e+06,4.99999213e-01,-1.06770629e-14,3.65655126,-1.53931058e-01,-3.84509962,7.50622048e-01,6.38912464e-05,6.70622680,1.14349815,-1,-0.9091630970971776
8.70639790e+06,4.99999208e-01,-1.01626292e-14,3.65627971,-1.60699322e-01,-3.84509978,7.50622130e-01,6.38923326e-05,6.71219500,1.16894630,-1,-0.9041319477626907
9.18851239e+06,4.99999204e-01,-9.67759269e-15,3.65603592,-1.67433745e-01,-3.84509997,7.50622224e-01,6.38935000e-05,6.71819178,1.19461136,-1,-0.8988222269746649
9.69772756e+06,4.99999199e-01,-9.22024830e-15,3.65581983,-1.74131852e-01,-3.84510019,7.50622334e-01,6.38947596e-05,6.72422369,1.22050274,-1,-0.8932140354977254
1.02354451e+07,4.99999194e-01,-8.78907580e-15,3.65563456,-1.80791355e-01,-3.84510044,7.50622460e-01,6.38961127e-05,6.73029706,1.24662728,-1,-0.887291935956133
1.08031207e+07,4.99999189e-01,-8.38257429e-15,3.65547718,-1.87410294e-01,-3.84510073,7.50622605e-01,6.38975508e-05,6.73641537,1.27297933,-1,-0.8810398962504296
1.14029424e+07,4.99999184e-01,-8.00004189e-15,3.65535367,-1.93984508e-01,-3.84510107,7.50622771e-01,6.38990924e-05,6.74258602,1.29957190,-1,-0.8744338186160507
1.20360452e+07,4.99999179e-01,-7.63904476e-15,3.65526248,-2.00512286e-01,-3.84510145,7.50622962e-01,6.39007220e-05,6.74881327,1.32640138,-1,-0.8674612028414921
1.27051717e+07,4.99999174e-01,-7.29991151e-15,3.65520654,-2.06988581e-01,-3.84510189,7.50623181e-01,6.39024386e-05,6.75510381,1.35347924,-1,-0.8600918435698616
1.34116981e+07,4.99999169e-01,-6.98026791e-15,3.65519193,-2.13410588e-01,-3.84510240,7.50623432e-01,6.39042508e-05,6.76146371,1.38080774,-1,-0.8523105841570424
1.41581025e+07,4.99999164e-01,-6.68036228e-15,3.65521939,-2.19774233e-01,-3.84510298,7.50623719e-01,6.39061508e-05,6.76790119,1.40838645,-1,-0.8440901322910265
1.49467610e+07,4.99999159e-01,-6.39848005e-15,3.65529090,-2.26074444e-01,-3.84510364,7.50624046e-01,6.39081270e-05,6.77442251,1.43621875,-1,-0.8354043190268302
1.57795405e+07,4.99999154e-01,-6.13391340e-15,3.65541088,-2.32307063e-01,-3.84510439,7.50624420e-01,6.39101714e-05,6.78103444,1.46430578,-1,-0.8262325834438742
1.66601459e+07,4.99999149e-01,-5.88614409e-15,3.65558310,-2.38464392e-01,-3.84510526,7.50624848e-01,6.39122777e-05,6.78774590,1.49264348,-1,-0.8165341219883231
1.75898439e+07,4.99999143e-01,-5.65408596e-15,3.65581056,-2.44541872e-01,-3.84510625,7.50625335e-01,6.39144265e-05,6.79456312,1.52122339,-1,-0.8062949839836016
1.85731133e+07,4.99999138e-01,-5.43731296e-15,3.65609977,-2.50531920e-01,-3.84510738,7.50625892e-01,6.39165989e-05,6.80149911,1.55004217,-1,-0.7954658426039064
1.96114298e+07,4.99999133e-01,-5.23475901e-15,3.65642472,-2.56424301e-01,-3.84510867,7.50626527e-01,6.39187994e-05,6.80855454,1.57906927,-1,-0.7840304453716015
2.07092365e+07,4.99999127e-01,-5.04681367e-15,3.65684429,-2.62212040e-01,-3.84511014,7.50627250e-01,6.39210005e-05,6.81574418,1.60830105,-1,-0.7719398586393422
2.18697380e+07,4.99999121e-01,-4.87299744e-15,3.65734314,-2.67887631e-01,-3.84511182,7.50628077e-01,6.39231748e-05,6.82307718,1.63770822,-1,-0.7591587888584173
2.30956717e+07,4.99999115e-01,-4.71248451e-15,3.65792425,-2.73441843e-01,-3.84511374,7.50629018e-01,6.39253024e-05,6.83056249,1.66725486,-1,-0.7456570879416262
2.43927266e+07,4.99999109e-01,-4.56528416e-15,3.65859643,-2.78863255e-01,-3.84511594,7.50630095e-01,6.39273500e-05,6.83821279,1.69688939,-1,-0.7313721006438152
2.57629722e+07,4.99999103e-01,-4.43045977e-15,3.65936358,-2.84145318e-01,-3.84511845,7.50631321e-01,6.39293210e-05,6.84603366,1.72655127,-1,-0.7162810347291175
2.72114768e+07,4.99999097e-01,-4.30818503e-15,3.66023569,-2.89277883e-01,-3.84512131,7.50632721e-01,6.39311773e-05,6.85403852,1.75616404,-1,-0.7003280709711295
2.87431483e+07,4.99999090e-01,-4.19793111e-15,3.66121619,-2.94254999e-01,-3.84512459,7.50634323e-01,6.39328767e-05,6.86223485,1.78562047,-1,-0.6834591566931609
3.03616632e+07,4.99999084e-01,-4.09939536e-15,3.66231646,-2.99070589e-01,-3.84512834,7.50636150e-01,6.39344308e-05,6.87062691,1.81478962,-1,-0.6656338011219991
3.20717784e+07,4.99999077e-01,-4.01223641e-15,3.66354959,-3.03730370e-01,-3.84513262,7.50638238e-01,6.39357932e-05,6.87921722,1.84351481,-1,-0.646799614604687
3.38800993e+07,4.99999070e-01,-3.93584293e-15,3.66490649,-3.08240074e-01,-3.84513752,7.50640622e-01,6.39369812e-05,6.88800917,1.87159747,-1,-0.626883849214289
3.57908849e+07,4.99999062e-01,-3.86858598e-15,3.66637447,-3.12621320e-01,-3.84514311,7.50643346e-01,6.39379640e-05,6.89699220,1.89881189,-1,-0.6058395988708069
3.78094239e+07,4.99999055e-01,-3.80861776e-15,3.66793420,-3.16903772e-01,-3.84514950,7.50646452e-01,6.39387439e-05,6.90615216,1.92489602,-1,-0.5836086169939902
3.99425361e+07,4.99999046e-01,-3.75423536e-15,3.66955387,-3.21118425e-01,-3.84515677,7.50649985e-01,6.39393422e-05,6.91547015,1.94952571,-1,-0.5601157943834703
4.21978720e+07,4.99999038e-01,-3.70239974e-15,3.67118272,-3.25322256e-01,-3.84516506,7.50654014e-01,6.39397276e-05,6.92492223,1.97230843,-1,-0.535276873005665
4.45837741e+07,4.99999029e-01,-3.64936611e-15,3.67275482,-3.29570423e-01,-3.84517451,7.50658605e-01,6.39398987e-05,6.93449841,1.99274823,-1,-0.5089999735526651
4.71074386e+07,4.99999020e-01,-3.59180015e-15,3.67418792,-3.33917063e-01,-3.84518522,7.50663800e-01,6.39398874e-05,6.94419131,2.01017748,-1,-0.4812058413795115
4.97771517e+07,4.99999011e-01,-3.52544731e-15,3.67537080,-3.38390298e-01,-3.84519728,7.50669645e-01,6.39397132e-05,6.95405240,2.02371487,-1,-0.4518032172328392
5.26002151e+07,4.99999001e-01,-3.44734678e-15,3.67617117,-3.42992434e-01,-3.84521077,7.50676184e-01,6.39393805e-05,6.96348656,2.03315118,-1,-0.42071168455375585
5.55781869e+07,4.99998991e-01,-3.35558723e-15,3.67647645,-3.47685697e-01,-3.84522572,7.50683416e-01,6.39389135e-05,6.97150114,2.03885173,-1,-0.3879140833602833
5.87077120e+07,4.99998981e-01,-3.25089087e-15,3.67621285,-3.52398402e-01,-3.84524202,7.50691292e-01,6.39383470e-05,6.97782522,2.04094542,-1,-0.3534473647181652
6.19940396e+07,4.99998970e-01,-3.13626764e-15,3.67535027,-3.57017242e-01,-3.84525958,7.50699759e-01,6.39377215e-05,6.98231556,2.03967909,-1,-0.31725371707653816
6.54391151e+07,4.99998960e-01,-3.01552654e-15,3.67398787,-3.61388892e-01,-3.84527822,7.50708726e-01,6.39370875e-05,6.98515205,2.03588179,-1,-0.27931171496274954
6.90705437e+07,4.99998949e-01,-2.89537622e-15,3.67229312,-3.65289081e-01,-3.84529730,7.50717895e-01,6.39367158e-05,6.98652227,2.03029197,-1,-0.23931733120620402
7.29059763e+07,4.99998938e-01,-2.78124765e-15,3.67050539,-3.68568947e-01,-3.84531642,7.50727081e-01,6.39368267e-05,6.98681999,2.02379873,-1,-0.19707616934589256
7.69728201e+07,4.99998927e-01,-2.68128996e-15,3.66880557,-3.71093712e-01,-3.84533469,7.50735870e-01,6.39380192e-05,6.98631116,2.01694888,-1,-0.15228638286485663
8.13174413e+07,4.99998916e-01,-2.60500461e-15,3.66735957,-3.72710326e-01,-3.84535309,7.50744708e-01,6.39402166e-05,6.98523817,2.01035146,-1,-0.10443732215370205
8.59228452e+07,4.99998904e-01,-2.55137118e-15,3.66622294,-3.73541534e-01,-3.84537221,7.50753874e-01,6.39431329e-05,6.98389335,2.00422333,-1,-0.05371615667891039
9.08001897e+07,4.99998892e-01,-2.51820849e-15,3.66540896,-3.73716804e-01,-3.84539184,7.50763269e-01,6.39468492e-05,6.98245972,1.99883255,0,0.0
9.42791535e+07,4.99998883e-01,-2.50665247e-15,3.66505751,-3.73505687e-01,-3.84540583,7.50769955e-01,6.39497239e-05,6.98153336,1.99576176,0,6.431835010784422e-05
9.78746833e+07,4.99998874e-01,-2.49941600e-15,3.66478182,-3.73195451e-01,-3.84542021,7.50776830e-01,6.39528368e-05,6.98065815,1.99294954,0,0.000130791747876337
1.01562131e+08,4.99998865e-01,-2.49553700e-15,3.66456503,-3.72808171e-01,-3.84543493,7.50783863e-01,6.39561287e-05,6.97982328,1.99033978,0,0.00019896450442326207
1.05476791e+08,4.99998855e-01,-2.49665125e-15,3.66443517,-3.72350122e-01,-3.84545099,7.50791519e-01,6.39595393e-05,6.97909308,1.98808313,0,0.0002713379141244995
1.09440223e+08,4.99998845e-01,-2.49849002e-15,3.66431675,-3.71888112e-01,-3.84546710,7.50799211e-01,6.39630592e-05,6.97838290,1.98588515,0,0.00034461301029095956
1.13667048e+08,4.99998835e-01,-2.50311008e-15,3.66423885,-3.71435461e-01,-3.84548423,7.50807389e-01,6.39666544e-05,6.97777123,1.98395095,0,0.0004227576607741261
1.17916608e+08,4.99998824e-01,-2.50779241e-15,3.66416230,-3.70986644e-01,-3.84550148,7.50815629e-01,6.39702282e-05,6.97716608,1.98203216,0,0.0005013226311495841
1.22497345e+08,4.99998813e-01,-2.51326086e-15,3.66410377,-3.70586754e-01,-3.84552103,7.50824929e-01,6.39727989e-05,6.97664984,1.98033346,0,0.0005860103321592802
1.27083720e+08,4.99998801e-01,-2.51872349e-15,3.66404526,-3.70187871e-01,-3.84554061,7.50834249e-01,6.39753581e-05,6.97613469,1.97863756,0,0.0006708022673256836
1.31999620e+08,4.99998789e-01,-2.52390747e-15,3.66398944,-3.69841788e-01,-3.84556235,7.50844566e-01,6.39772167e-05,6.97568008,1.97710433,0,0.0007616863912982158
1.37005033e+08,4.99998776e-01,-2.52902087e-15,3.66393448,-3.69509540e-01,-3.84558465,7.50855139e-01,6.39788827e-05,6.97524160,1.97561528,0,0.0008542254127644223
1.42172842e+08,4.99998763e-01,-2.53382053e-15,3.66387968,-3.69195950e-01,-3.84560745,7.50865970e-01,6.39808658e-05,6.97482299,1.97417864,0,0.0009497667772800486
1.47687723e+08,4.99998749e-01,-2.53798894e-15,3.66382469,-3.68920146e-01,-3.84563081,7.50877125e-01,6.39840416e-05,6.97444449,1.97284085,0,0.0010517247358426236
1.53202603e+08,4.99998735e-01,-2.54215736e-15,3.66376970,-3.68644342e-01,-3.84565417,7.50888280e-01,6.39872173e-05,6.97406598,1.97150307,0,0.0011536826759174091
1.59092580e+08,4.99998720e-01,-2.54578523e-15,3.66371631,-3.68396510e-01,-3.84567783,7.50899609e-01,6.39917261e-05,6.97371947,1.97026528,0,0.0012625753303374264
1.65218701e+08,4.99998704e-01,-2.54908488e-15,3.66366439,-3.68165722e-01,-3.84570195,7.50911161e-01,6.39970370e-05,6.97339330,1.96909574,0,0.0013758337653004512
1.71362769e+08,4.99998688e-01,-2.55236607e-15,3.66361262,-3.67935876e-01,-3.84572624,7.50922785e-01,6.40022975e-05,6.97306843,1.96793079,0,0.0014894240006200607
1.77978089e+08,4.99998671e-01,-2.55523160e-15,3.66356548,-3.67729791e-01,-3.84575419,7.50936066e-01,6.40058917e-05,6.97277773,1.96689076,0,0.0016117266436758535
1.84837601e+08,4.99998654e-01,-2.55789486e-15,3.66352079,-3.67535843e-01,-3.84578393,7.50950161e-01,6.40085577e-05,6.97250478,1.96591634,0,0.0017385438570038446
1.91704908e+08,4.99998636e-01,-2.56055406e-15,3.66347620,-3.67342194e-01,-3.84581367,7.50964258e-01,6.40112469e-05,6.97223233,1.96494381,0,0.0018655051826503056
1.99049312e+08,4.99998617e-01,-2.56297977e-15,3.66343700,-3.67165642e-01,-3.84584477,7.50979022e-01,6.40144890e-05,6.97198884,1.96407688,0,0.002001286977162066
2.06788795e+08,4.99998598e-01,-2.56521866e-15,3.66340188,-3.67002699e-01,-3.84587759,7.50994588e-01,6.40178066e-05,6.97176851,1.96329297,0,0.0021443729090270965
2.14528279e+08,4.99998578e-01,-2.56745754e-15,3.66336677,-3.66839755e-01,-3.84591040,7.51010154e-01,6.40211242e-05,6.97154819,1.96250905,0,0.002287458859379917
2.22509844e+08,4.99998557e-01,-2.56963115e-15,3.66333408,-3.66683339e-01,-3.84594432,7.51026241e-01,6.40246870e-05,6.97133952,1.96176616,0,0.002435020352281486
2.31305195e+08,4.99998535e-01,-2.57158559e-15,3.66330795,-3.66547662e-01,-3.84597821,7.51042527e-01,6.40330279e-05,6.97116716,1.96115335,0,0.002597626949377834
2.40100546e+08,4.99998512e-01,-2.57354002e-15,3.66328183,-3.66411986e-01,-3.84601210,7.51058812e-01,6.40413689e-05,6.97099479,1.96054054,0,0.002760233546474182
2.48968158e+08,4.99998489e-01,-2.57548239e-15,3.66325623,-3.66277755e-01,-3.84604634,7.51075264e-01,6.40496912e-05,6.97082501,1.95993690,0,0.0029241760897212605
2.58593799e+08,4.99998464e-01,-2.57728111e-15,3.66323502,-3.66156762e-01,-3.84608576,7.51094011e-01,6.40557925e-05,6.97067943,1.95942125,0,0.003102132913488849
2.68656097e+08,4.99998438e-01,-2.57899411e-15,3.66321614,-3.66043059e-01,-3.84612842,7.51114180e-01,6.40602616e-05,6.97054730,1.95895488,0,0.003288162559917898
2.78718395e+08,4.99998412e-01,-2.58070711e-15,3.66319726,-3.65929357e-01,-3.84617107,7.51134348e-01,6.40647307e-05,6.97041517,1.95848851,0,0.0034741922063469474
2.88972170e+08,4.99998386e-01,-2.58239414e-15,3.66317939,-3.65818033e-01,-3.84621459,7.51154925e-01,6.40691998e-05,6.97028769,1.95803915,0,0.003663761839229319
3.00399005e+08,4.99998356e-01,-2.58393071e-15,3.66316634,-3.65718791e-01,-3.84626306,7.51177814e-01,6.40741295e-05,6.97018547,1.95768484,0,0.003875018758359828
3.11981548e+08,4.99998326e-01,-2.58544742e-15,3.66315391,-3.65621120e-01,-3.84631217,7.51201007e-01,6.40791264e-05,6.97008655,1.95734302,0,0.004089154374204167
3.23564091e+08,4.99998296e-01,-2.58696414e-15,3.66314148,-3.65523449e-01,-3.84636128,7.51224201e-01,6.40841234e-05,6.96998764,1.95700121,0,0.004303289990048506
3.35471240e+08,4.99998265e-01,-2.58845814e-15,3.66313029,-3.65428008e-01,-3.84641185,7.51248077e-01,6.40891424e-05,6.96989397,1.95667912,0,0.004523426853262853
3.48877991e+08,4.99998231e-01,-2.58985840e-15,3.66312358,-3.65340328e-01,-3.84646865,7.51274868e-01,6.40948695e-05,6.96982062,1.95643778,0,0.00477128804245565
3.62284743e+08,4.99998196e-01,-2.59125866e-15,3.66311687,-3.65252647e-01,-3.84652545,7.51301660e-01,6.41005967e-05,6.96974727,1.95619643,0,0.005019149250136237
3.75691494e+08,4.99998161e-01,-2.59265892e-15,3.66311015,-3.65164967e-01,-3.84658224,7.51328451e-01,6.41063238e-05,6.96967392,1.95595509,0,0.005267010439329033
3.89516718e+08,4.99998125e-01,-2.59405051e-15,3.66310578,-3.65080006e-01,-3.84663948,7.51355576e-01,6.41129720e-05,6.96960854,1.95574628,0,0.0055226082692206154
4.05112452e+08,4.99998085e-01,-2.59541967e-15,3.66310682,-3.65006499e-01,-3.84670386,7.51386056e-01,6.41206246e-05,6.96958221,1.95561510,0,0.005810938915144787
4.20708186e+08,4.99998044e-01,-2.59678883e-15,3.66310786,-3.64932992e-01,-3.84676824,7.51416536e-01,6.41282772e-05,6.96955588,1.95548393,0,0.006099269561068959
4.36303920e+08,4.99998004e-01,-2.59815799e-15,3.66310890,-3.64859485e-01,-3.84683262,7.51447017e-01,6.41359298e-05,6.96952955,1.95535275,0,0.00638760020699313
4.52308058e+08,4.99997962e-01,-2.59953653e-15,3.66311003,-3.64785582e-01,-3.84689981,7.51478705e-01,6.41430187e-05,6.96950383,1.95522308,0,0.006683481340064494
4.70328418e+08,4.99997915e-01,-2.60085409e-15,3.66311341,-3.64705377e-01,-3.84696921,7.51512011e-01,6.41588338e-05,6.96946781,1.95514113,0,0.007016637960880551
4.88550829e+08,4.99997868e-01,-2.60216495e-15,3.66311701,-3.64624517e-01,-3.84703876,7.51545455e-01,6.41755876e-05,6.96943068,1.95506419,0,0.00735353005803518
5.06773240e+08,4.99997820e-01,-2.60347581e-15,3.66312062,-3.64543658e-01,-3.84710830,7.51578900e-01,6.41923413e-05,6.96939356,1.95498725,0,0.007690422155189807
5.25362119e+08,4.99997772e-01,-2.60479443e-15,3.66312485,-3.64463246e-01,-3.84717950,7.51613109e-01,6.42091198e-05,6.96936086,1.95491530,0,0.008034089435554826
5.45912408e+08,4.99997718e-01,-2.60624330e-15,3.66313224,-3.64383484e-01,-3.84726241,7.51652347e-01,6.42226482e-05,6.96934848,1.95487466,0,0.008414018850951268
5.67286778e+08,4.99997662e-01,-2.60775237e-15,3.66314096,-3.64303888e-01,-3.84735041,7.51693754e-01,6.42346024e-05,6.96934445,1.95484746,0,0.008809183702334487
5.88661148e+08,4.99997606e-01,-2.60926145e-15,3.66314967,-3.64224291e-01,-3.84743842,7.51735162e-01,6.42465566e-05,6.96934041,1.95482026,0,0.009204348553717708
6.10252062e+08,4.99997550e-01,-2.61077430e-15,3.66315824,-3.64143751e-01,-3.84752738,7.51777015e-01,6.42585339e-05,6.96933533,1.95479076,0,0.009603516824971453
6.33428713e+08,4.99997489e-01,-2.61232930e-15,3.66316568,-3.64055968e-01,-3.84762303,7.51821970e-01,6.42711340e-05,6.96932350,1.95473763,0,0.010032001867944684
6.58585368e+08,4.99997423e-01,-2.61394583e-15,3.66317168,-3.63958937e-01,-3.84772686,7.51870700e-01,6.42847924e-05,6.96930376,1.95465083,0,0.010497092807905672
6.83742022e+08,4.99997358e-01,-2.61556235e-15,3.66317768,-3.63861907e-01,-3.84783069,7.51919431e-01,6.42984507e-05,6.96928402,1.95456403,0,0.01096218372937887
7.08898676e+08,4.99997292e-01,-2.61717887e-15,3.66318368,-3.63764876e-01,-3.84793451,7.51968161e-01,6.43121090e-05,6.96926429,1.95447724,0,0.01142727465085207
7.34858363e+08,4.99997224e-01,-2.61883799e-15,3.66318998,-3.63665108e-01,-3.84804187,7.52018532e-01,6.43258548e-05,6.96924450,1.95438864,0,0.011907211877320495
7.64331842e+08,4.99997146e-01,-2.62069766e-15,3.66320909,-3.63561356e-01,-3.84816338,7.52075468e-01,6.43419558e-05,6.96924110,1.95449839,0,0.012452111350323978
7.94026949e+08,4.99997068e-01,-2.62257001e-15,3.66322902,-3.63457365e-01,-3.84828577,7.52132817e-01,6.43582085e-05,6.96923875,1.95462098,0,0.013001108235119359
8.23722056e+08,4.99996990e-01,-2.62444235e-15,3.66324896,-3.63353375e-01,-3.84840816,7.52190166e-01,6.43744612e-05,6.96923641,1.95474357,0,0.01355010511991474
8.53884157e+08,4.99996911e-01,-2.62634268e-15,3.66327095,-3.63249307e-01,-3.84853260,7.52248462e-01,6.43907763e-05,6.96923690,1.95489286,0,0.014107735691438984
8.86648351e+08,4.99996825e-01,-2.62846459e-15,3.66329807,-3.63133113e-01,-3.84866772,7.52311713e-01,6.44084577e-05,6.96922168,1.95511795,0,0.01471347321037877
9.21789261e+08,4.99996732e-01,-2.63080683e-15,3.66332813,-3.63002641e-01,-3.84881240,7.52379403e-01,6.44276659e-05,6.96918351,1.95539231,0,0.015363150954219694
9.56930171e+08,4.99996639e-01,-2.63314908e-15,3.66335819,-3.62872169e-01,-3.84895708,7.52447093e-01,6.44468740e-05,6.96914534,1.95566666,0,0.016012828698060616
9.92071082e+08,4.99996547e-01,-2.63549132e-15,3.66338825,-3.62741697e-01,-3.84910176,7.52514783e-01,6.44660821e-05,6.96910716,1.95594102,0,0.01666250646038933
1.02837303e+09,4.99996451e-01,-2.63794059e-15,3.66341870,-3.62606258e-01,-3.84925154,7.52584824e-01,6.44854372e-05,6.96906364,1.95621882,0,0.017333649230274074
1.06959223e+09,4.99996342e-01,-2.64096731e-15,3.66344585,-3.62469214e-01,-3.84942393,7.52665903e-01,6.45020810e-05,6.96906941,1.95638345,0,0.018095701119622637
1.11126877e+09,4.99996231e-01,-2.64404802e-15,3.66347269,-3.62332066e-01,-3.84959842,7.52748011e-01,6.45184650e-05,6.96907994,1.95653727,0,0.018866208214581077
1.15294531e+09,4.99996121e-01,-2.64712873e-15,3.66349953,-3.62194917e-01,-3.84977292,7.52830120e-01,6.45348490e-05,6.96909047,1.95669108,0,0.019636715309539518
1.19511307e+09,4.99996009e-01,-2.65024555e-15,3.66352632,-3.62057424e-01,-3.84994956,7.52913213e-01,6.45513000e-05,6.96910516,1.95683940,0,0.02041630397641313
1.24031669e+09,4.99995889e-01,-2.65342399e-15,3.66355222,-3.61911271e-01,-3.85013884,7.53002063e-01,6.45691327e-05,6.96912089,1.95695878,0,0.02125201898365234
1.28983554e+09,4.99995756e-01,-2.65656945e-15,3.66357635,-3.61747931e-01,-3.85034566,7.53098846e-01,6.45896515e-05,6.96911970,1.95704072,0,0.022167513054397722
1.33935439e+09,4.99995624e-01,-2.65971490e-15,3.66360047,-3.61584592e-01,-3.85055247,7.53195629e-01,6.46101703e-05,6.96911851,1.95712266,0,0.023083007125143107
1.38887324e+09,4.99995492e-01,-2.66286036e-15,3.66362460,-3.61421252e-01,-3.85075928,7.53292412e-01,6.46306892e-05,6.96911733,1.95720460,0,0.023998501195888488
1.43965459e+09,4.99995357e-01,-2.66602052e-15,3.66365086,-3.61253782e-01,-3.85097159,7.53391709e-01,6.46513914e-05,6.96911127,1.95731844,0,0.024937336100767055
1.49610983e+09,4.99995206e-01,-2.66946780e-15,3.66368633,-3.61084453e-01,-3.85120708,7.53501507e-01,6.46753794e-05,6.96914303,1.95755297,0,0.025981068689114876
1.55503853e+09,4.99995048e-01,-2.67305124e-15,3.66372579,-3.60915144e-01,-3.85145261,7.53615843e-01,6.47009222e-05,6.96919423,1.95783897,0,0.02707053008506275
1.61396723e+09,4.99994889e-01,-2.67663468e-15,3.66376526,-3.60745836e-01,-3.85169813,7.53730178e-01,6.47264650e-05,6.96924543,1.95812498,0,0.028159991481010626
1.67291623e+09,4.99994731e-01,-2.68021988e-15,3.66380472,-3.60576497e-01,-3.85194374,7.53844553e-01,6.47520108e-05,6.96929672,1.95841092,0,0.029249828179083573
1.73405749e+09,4.99994567e-01,-2.68399538e-15,3.66384458,-3.60403877e-01,-3.85219887,7.53963257e-01,6.47778835e-05,6.96935766,1.95868974,0,0.0303801949183738
1.80420513e+09,4.99994377e-01,-2.68809235e-15,3.66389574,-3.60208219e-01,-3.85249042,7.54098431e-01,6.48094384e-05,6.96940722,1.95915646,0,0.03167706971447229
1.87442459e+09,4.99994188e-01,-2.69219188e-15,3.66394699,-3.60012378e-01,-3.85278227,7.54233737e-01,6.48410387e-05,6.96945668,1.95962468,0,0.032975272303606376
1.94464406e+09,4.99993998e-01,-2.69629141e-15,3.66399823,-3.59816536e-01,-3.85307411,7.54369042e-01,6.48726390e-05,6.96950615,1.96009289,0,0.03427347507761836
2.01565750e+09,4.99993806e-01,-2.70041451e-15,3.66405038,-3.59619203e-01,-3.85336938,7.54505899e-01,6.49043681e-05,6.96955618,1.96057317,0,0.035586356601790124
2.09156509e+09,4.99993600e-01,-2.70480082e-15,3.66410575,-3.59414314e-01,-3.85368486,7.54651896e-01,6.49383206e-05,6.96962029,1.96108717,0,0.0369897201405147
2.17533375e+09,4.99993372e-01,-2.70972599e-15,3.66416403,-3.59198901e-01,-3.85403191,7.54812156e-01,6.49772523e-05,6.96971739,1.96161530,0,0.038538417485955594
2.25910240e+09,4.99993143e-01,-2.71465117e-15,3.66422231,-3.58983488e-01,-3.85437895,7.54972416e-01,6.50161841e-05,6.96981448,1.96214342,0,0.0400871146465186
2.34287106e+09,4.99992915e-01,-2.71957635e-15,3.66428059,-3.58768075e-01,-3.85472599,7.55132676e-01,6.50551158e-05,6.96991158,1.96267155,0,0.041635811991959495
2.42842278e+09,4.99992681e-01,-2.72460069e-15,3.66434028,-3.58550337e-01,-3.85508188,7.55297177e-01,6.50931030e-05,6.97001453,1.96321514,0,0.04321747417519011
2.52239988e+09,4.99992424e-01,-2.72992711e-15,3.66440757,-3.58318344e-01,-3.85547287,7.55477636e-01,6.51349365e-05,6.97013180,1.96387135,0,0.04495490300958036
2.62242445e+09,4.99992148e-01,-2.73544650e-15,3.66448047,-3.58075652e-01,-3.85588810,7.55668964e-01,6.51807219e-05,6.97025745,1.96461407,0,0.04680413619580857
2.72244902e+09,4.99991873e-01,-2.74096589e-15,3.66455337,-3.57832959e-01,-3.85630333,7.55860293e-01,6.52265073e-05,6.97038309,1.96535679,0,0.04865336938203677
2.82247360e+09,4.99991598e-01,-2.74648528e-15,3.66462626,-3.57590267e-01,-3.85671856,7.56051622e-01,6.52722927e-05,6.97050873,1.96609951,0,0.05050260275314287
2.92553965e+09,4.99991314e-01,-2.75212737e-15,3.66470107,-3.57343657e-01,-3.85714702,7.56248679e-01,6.53187319e-05,6.97064339,1.96686203,0,0.05240806618111317
3.04150838e+09,4.99990991e-01,-2.75841847e-15,3.66478334,-3.57081724e-01,-3.85762711,7.56468389e-01,6.53746011e-05,6.97083351,1.96769891,0,0.054552071639779355
3.16103957e+09,4.99990659e-01,-2.76489105e-15,3.66486765,-3.56815584e-01,-3.85812138,7.56694325e-01,6.54331922e-05,6.97103924,1.96855615,0,0.05676193910871573
3.28057077e+09,4.99990326e-01,-2.77136363e-15,3.66495196,-3.56549443e-01,-3.85861564,7.56920261e-01,6.54917834e-05,6.97124498,1.96941339,0,0.05897180676252999
3.40015212e+09,4.99989993e-01,-2.77783809e-15,3.66503632,-3.56283246e-01,-3.85911013,7.57146290e-01,6.55503859e-05,6.97145093,1.97027114,0,0.06118260157898329
3.52426843e+09,4.99989647e-01,-2.78448189e-15,3.66512499,-3.56011881e-01,-3.85962430,7.57380776e-01,6.56100173e-05,6.97167713,1.97117508,0,0.06347723778091034
3.66698918e+09,4.99989245e-01,-2.79177408e-15,3.66522838,-3.55709487e-01,-3.86022385,7.57656097e-01,6.56580192e-05,6.97195205,1.97229425,0,0.06611582895169348
3.80992082e+09,4.99988842e-01,-2.79907362e-15,3.66533194,-3.55406742e-01,-3.86082437,7.57931882e-01,6.57058892e-05,6.97222753,1.97341586,0,0.06875831901238579
3.95285247e+09,4.99988439e-01,-2.80637315e-15,3.66543550,-3.55103996e-01,-3.86142489,7.58207666e-01,6.57537592e-05,6.97250300,1.97453748,0,0.071400809257956
4.09693016e+09,4.99988033e-01,-2.81372148e-15,3.66554009,-3.54799347e-01,-3.86203037,7.58485604e-01,6.58018375e-05,6.97278122,1.97567198,0,0.07406448724970442
4.24960516e+09,4.99987600e-01,-2.82145962e-15,3.66565143,-3.54481361e-01,-3.86267155,7.58778809e-01,6.58544010e-05,6.97308661,1.97688976,0,0.07688711049824616
4.42061074e+09,4.99987111e-01,-2.83008095e-15,3.66577500,-3.54137008e-01,-3.86338562,7.59102619e-01,6.59229225e-05,6.97346447,1.97825571,0,0.08004862564963548
4.59161632e+09,4.99986622e-01,-2.83870228e-15,3.66589856,-3.53792656e-01,-3.86409970,7.59426430e-01,6.59914440e-05,6.97384232,1.97962166,0,0.0832101408010248
4.76262190e+09,4.99986133e-01,-2.84732361e-15,3.66602212,-3.53448303e-01,-3.86481377,7.59750241e-01,6.60599654e-05,6.97422017,1.98098760,0,0.08637165595241413
4.93620467e+09,4.99985636e-01,-2.85607681e-15,3.66614765,-3.53099996e-01,-3.86554058,7.60079949e-01,6.61272106e-05,6.97460776,1.98237596,0,0.08958081764979925
5.12386198e+09,4.99985094e-01,-2.86549135e-15,3.66628456,-3.52727720e-01,-3.86633201,7.60439130e-01,6.61906480e-05,6.97504029,1.98391494,0,0.0930501864787811
5.32842168e+09,4.99984499e-01,-2.87567190e-15,3.66643543,-3.52325519e-01,-3.86719867,7.60832389e-01,6.62510315e-05,6.97552286,1.98564839,0,0.09683204313464962
5.53298138e+09,4.99983904e-01,-2.88585245e-15,3.66658630,-3.51923319e-01,-3.86806534,7.61225648e-01,6.63114150e-05,6.97600543,1.98738183,0,0.10061389979051813
5.73754108e+09,4.99983310e-01,-2.89603300e-15,3.66673717,-3.51521118e-01,-3.86893200,7.61618907e-01,6.63717984e-05,6.97648799,1.98911527,0,0.10439575644638663
5.94639469e+09,4.99982701e-01,-2.90650056e-15,3.66689223,-3.51111420e-01,-3.86981714,7.62019602e-01,6.64335082e-05,6.97698221,1.99090248,0,0.10825699800609104
6.17655974e+09,4.99982022e-01,-2.91862975e-15,3.66706450,-3.50664435e-01,-3.87079363,7.62459084e-01,6.65006436e-05,6.97755235,1.99292141,0,0.11251224098059094
6.41960196e+09,4.99981301e-01,-2.93178993e-15,3.66724676,-3.50194909e-01,-3.87182528,7.62922218e-01,6.65709260e-05,6.97817042,1.99507638,0,0.11700555436227882
6.66264419e+09,4.99980579e-01,-2.94495010e-15,3.66742902,-3.49725384e-01,-3.87285693,7.63385351e-01,6.66412083e-05,6.97878849,1.99723135,0,0.1214988679288446
6.90568642e+09,4.99979858e-01,-2.95811027e-15,3.66761129,-3.49255859e-01,-3.87388859,7.63848484e-01,6.67114906e-05,6.97940657,1.99938631,0,0.12599218149541036
7.16170073e+09,4.99979093e-01,-2.97232401e-15,3.66780458,-3.48763124e-01,-3.87498022,7.64337373e-01,6.67820752e-05,6.98007008,2.00168190,0,0.13072532014525726
7.44623649e+09,4.99978230e-01,-2.98874371e-15,3.66802393,-3.48214714e-01,-3.87618585,7.64871274e-01,6.68778065e-05,6.98081490,2.00437436,0,0.13598575735644108
7.73077225e+09,4.99977367e-01,-3.00516341e-15,3.66824327,-3.47666304e-01,-3.87739147,7.65405175e-01,6.69735378e-05,6.98155972,2.00706682,0,0.14124619456762494
8.01530800e+09,4.99976504e-01,-3.02158311e-15,3.66846261,-3.47117894e-01,-3.87859709,7.65939076e-01,6.70692691e-05,6.98230453,2.00975928,0,0.1465066315939309
8.31237654e+09,4.99975596e-01,-3.03914604e-15,3.66869525,-3.46545079e-01,-3.87985830,7.66495848e-01,6.71636566e-05,6.98309374,2.01263287,0,0.15199877220250696
8.63979675e+09,4.99974579e-01,-3.05932627e-15,3.66895690,-3.45914381e-01,-3.88126118,7.67116460e-01,6.72368709e-05,6.98401076,2.01588662,0,0.1580520480943584
8.96721696e+09,4.99973562e-01,-3.07950650e-15,3.66921855,-3.45283682e-01,-3.88266405,7.67737072e-01,6.73100852e-05,6.98492778,2.01914037,0,0.16410532398620983
9.29679735e+09,4.99972538e-01,-3.09988126e-15,3.66948195,-3.44649058e-01,-3.88407807,7.68362627e-01,6.73818399e-05,6.98585748,2.02241357,0,0.17019853683099423
9.65402486e+09,4.99971409e-01,-3.12270040e-15,3.66977079,-3.43959239e-01,-3.88562635,7.69045703e-01,6.74399289e-05,6.98691349,2.02604417,0,0.17680288380819859
1.00246860e+10,4.99970230e-01,-3.14670060e-15,3.67007243,-3.43241873e-01,-3.88723865,7.69755885e-01,6.74921131e-05,6.98802561,2.02986431,0,0.18365558890788738
1.03963730e+10,4.99969048e-01,-3.17078072e-15,3.67037539,-3.42522124e-01,-3.88885634,7.70468298e-01,6.75437858e-05,6.98913935,2.03370623,0,0.1905272598912228
1.07911023e+10,4.99967774e-01,-3.19743930e-15,3.67070518,-3.41749085e-01,-3.89058919,7.71228517e-01,6.75840923e-05,6.99031858,2.03800148,0,0.1978249320645361
1.12040343e+10,4.99966428e-01,-3.22642956e-15,3.67105507,-3.40934037e-01,-3.89241095,7.72025639e-01,6.76154660e-05,6.99156049,2.04264138,0,0.20545913192218693
1.16197379e+10,4.99965071e-01,-3.25580429e-15,3.67140780,-3.40113180e-01,-3.89424437,7.72826477e-01,6.76482473e-05,6.99281736,2.04732503,0,0.21314457253697322
1.20659745e+10,4.99963588e-01,-3.28836622e-15,3.67179458,-3.39224798e-01,-3.89619903,7.73666675e-01,6.77106986e-05,6.99419371,2.05256441,0,0.22139450082588902
1.25194038e+10,4.99962074e-01,-3.32162508e-15,3.67218952,-3.38320329e-01,-3.89818186,7.74516063e-01,6.77808674e-05,6.99559587,2.05793850,0,0.2297774062377116
1.29933911e+10,4.99960472e-01,-3.35611016e-15,3.67260982,-3.37367015e-01,-3.90027383,7.75414468e-01,6.78265189e-05,6.99708585,2.06372598,0,0.23854038362427474
1.34867935e+10,4.99958786e-01,-3.39172913e-15,3.67305242,-3.36367722e-01,-3.90246689,7.76358290e-01,6.78470707e-05,6.99867823,2.06987831,0,0.24766230329105904
1.39918061e+10,4.99957047e-01,-3.42874261e-15,3.67350958,-3.35340048e-01,-3.90472268,7.77327312e-01,6.78593937e-05,7.00031198,2.07630893,0,0.25699886989047943
1.45255324e+10,4.99955178e-01,-3.46951983e-15,3.67400460,-3.34239762e-01,-3.90712970,7.78357404e-01,6.78497354e-05,7.00200065,2.08350640,0,0.26686628932875134
1.50678451e+10,4.99953269e-01,-3.51154138e-15,3.67451197,-3.33118009e-01,-3.90957469,7.79399763e-01,6.78439159e-05,7.00371460,2.09094087,0,0.27689245232203413
1.56417007e+10,4.99951208e-01,-3.55820474e-15,3.67506521,-3.31918587e-01,-3.91214584,7.80479164e-01,6.78680267e-05,7.00555378,2.09923092,0,0.287501773807974
1.62272688e+10,4.99949088e-01,-3.60666618e-15,3.67563452,-3.30688387e-01,-3.91478099,7.81585346e-01,6.78788477e-05,7.00746077,2.10783277,0,0.2983276335274069
1.68406825e+10,4.99946828e-01,-3.65937536e-15,3.67624171,-3.29384958e-01,-3.91756861,7.82757955e-01,6.78501240e-05,7.00954450,2.11716280,0,0.30966829683570235
1.74743300e+10,4.99944460e-01,-3.71530451e-15,3.67687874,-3.28024076e-01,-3.92046014,7.83967865e-01,6.78105497e-05,7.01160600,2.12726214,0,0.3213830383774109
1.81269335e+10,4.99941992e-01,-3.77424196e-15,3.67754368,-3.26608456e-01,-3.92345471,7.85217263e-01,6.77550688e-05,7.01362057,2.13812317,0,0.33344823445522137
1.88116109e+10,4.99939343e-01,-3.83887266e-15,3.67825780,-3.25098145e-01,-3.92663552,7.86539771e-01,6.76675062e-05,7.01583106,2.15005412,0,0.34610640604186693
1.95144042e+10,4.99936589e-01,-3.90689661e-15,3.67899915,-3.23533363e-01,-3.92989615,7.87884018e-01,6.75873375e-05,7.01813479,2.16270454,0,0.35909950057272905
2.02411145e+10,4.99933692e-01,-3.97948726e-15,3.67977571,-3.21895977e-01,-3.93325044,7.89248990e-01,6.75294840e-05,7.02055001,2.17638018,0,0.37253476756296805
2.10003145e+10,4.99930593e-01,-4.05844606e-15,3.68061422,-3.20149760e-01,-3.93681057,7.90705071e-01,6.74124172e-05,7.02339745,2.19098834,0,0.3865706972848799
2.17831235e+10,4.99927339e-01,-4.14285933e-15,3.68149314,-3.18317406e-01,-3.94050427,7.92207846e-01,6.72758250e-05,7.02649904,2.20628644,0,0.4010431052270297
2.25914235e+10,4.99923911e-01,-4.23354103e-15,3.68241876,-3.16389093e-01,-3.94434346,7.93761445e-01,6.71209568e-05,7.02981718,2.22232207,0,0.4159867854090915
2.34269843e+10,4.99920289e-01,-4.33142152e-15,3.68340025,-3.14355122e-01,-3.94833129,7.95364591e-01,6.69525855e-05,7.03332678,2.23913187,0,0.43143445752076753
2.42911697e+10,4.99916454e-01,-4.43775320e-15,3.68444276,-3.12205140e-01,-3.95247384,7.97016839e-01,6.67679520e-05,7.03704473,2.25676754,0,0.4474113352092584
2.51848782e+10,4.99912384e-01,-4.55363100e-15,3.68555412,-3.09933205e-01,-3.95674311,7.98697570e-01,6.65979368e-05,7.04097639,2.27527186,0,0.4639340297533512
2.54518313e+10,4.99911135e-01,-4.59017128e-15,3.68589575,-3.09236429e-01,-3.95803113,7.99204965e-01,6.65343829e-05,7.04217748,2.28089635,0,0.4688694024491448
2.57187844e+10,4.99909886e-01,-4.62671155e-15,3.68623737,-3.08539653e-01,-3.95931914,7.99712359e-01,6.64708290e-05,7.04337857,2.28652084,0,0.4738047751449384
2.59857375e+10,4.99908636e-01,-4.66325183e-15,3.68657900,-3.07842877e-01,-3.96060716,8.00219754e-01,6.64072751e-05,7.04457967,2.29214533,0,0.47874014784073204
2.62572213e+10,4.99907346e-01,-4.70158192e-15,3.68693180,-3.07124321e-01,-3.96191483,8.00730876e-01,6.63461908e-05,7.04581700,2.29792671,0,0.4837592831640165
2.65324627e+10,4.99906022e-01,-4.74139678e-15,3.68729383,-3.06387658e-01,-3.96323916,8.01245370e-01,6.62868958e-05,7.04708436,2.30383810,0,0.4888478882047971
2.68077041e+10,4.99904698e-01,-4.78121164e-15,3.68765587,-3.05650994e-01,-3.96456349,8.01759864e-01,6.62276008e-05,7.04835173,2.30974949,0,0.4939364932455777
2.70850612e+10,4.99903354e-01,-4.82194929e-15,3.68802391,-3.04903140e-01,-3.96590639,8.02282712e-01,6.61619813e-05,7.04963801,2.31574153,0,0.49906421290241815
2.73681397e+10,4.99901954e-01,-4.86518188e-15,3.68840810,-3.04124983e-01,-3.96729901,8.02827667e-01,6.60799217e-05,7.05097534,2.32195129,0,0.5042977085976028
2.76512182e+10,4.99900554e-01,-4.90841447e-15,3.68879229,-3.03346827e-01,-3.96869163,8.03372621e-01,6.59978621e-05,7.05231267,2.32816105,0,0.5095312042927875
2.79354588e+10,4.99899142e-01,-4.95223083e-15,3.68917974,-3.02562278e-01,-3.97008811,8.03917442e-01,6.59170901e-05,7.05366139,2.33442042,0,0.5147861846480484
2.82260121e+10,4.99897665e-01,-4.99921382e-15,3.68958485,-3.01742896e-01,-3.97150567,8.04461515e-01,6.58430495e-05,7.05507185,2.34094901,0,0.5201578728715331
2.85165655e+10,4.99896188e-01,-5.04619681e-15,3.68998996,-3.00923513e-01,-3.97292322,8.05005589e-01,6.57690089e-05,7.05648232,2.34747760,0,0.5255295629437967
2.88084632e+10,4.99894696e-01,-5.09391492e-15,3.69039905,-3.00095624e-01,-3.97435378,8.05555402e-01,6.56909550e-05,7.05790776,2.35407165,0,0.5309261061513675
2.91060403e+10,4.99893140e-01,-5.14473755e-15,3.69082481,-2.99231669e-01,-3.97583847,8.06129035e-01,6.55965969e-05,7.05939636,2.36094175,0,0.5364276489101271
2.94036173e+10,4.99891584e-01,-5.19556019e-15,3.69125057,-2.98367715e-01,-3.97732317,8.06702669e-01,6.55022388e-05,7.06088496,2.36781185,0,0.5419291898201078
2.97035942e+10,4.99890000e-01,-5.24789627e-15,3.69168464,-2.97488120e-01,-3.97881627,8.07276145e-01,6.54099889e-05,7.06240431,2.37481222,0,0.5474750995758995
3.00077120e+10,4.99888365e-01,-5.30284270e-15,3.69213302,-2.96581470e-01,-3.98032474,8.07849874e-01,6.53209643e-05,7.06397665,2.38203714,0,0.5530975654188689
3.03118297e+10,4.99886730e-01,-5.35778913e-15,3.69258140,-2.95674819e-01,-3.98183322,8.08423602e-01,6.52319397e-05,7.06554899,2.38926207,0,0.5587200294130595
3.06200682e+10,4.99885041e-01,-5.41566747e-15,3.69304370,-2.94737480e-01,-3.98337489,8.09010117e-01,6.51348033e-05,7.06718076,2.39672950,0,0.5644186778898608
3.09303293e+10,4.99883326e-01,-5.47498544e-15,3.69351279,-2.93785050e-01,-3.98493258,8.09602674e-01,6.50338917e-05,7.06884166,2.40431585,0,0.5701547197695276
3.12411281e+10,4.99881603e-01,-5.53473757e-15,3.69398395,-2.92828327e-01,-3.98649167,8.10194760e-01,6.49336896e-05,7.07051141,2.41193655,0,0.5759007025335615
3.15570568e+10,4.99879806e-01,-5.59862593e-15,3.69447474,-2.91830412e-01,-3.98806443,8.10782468e-01,6.48398798e-05,7.07226551,2.41988440,0,0.5817415258085021
3.18729855e+10,4.99878010e-01,-5.66251429e-15,3.69496553,-2.90832498e-01,-3.98963719,8.11370176e-01,6.47460699e-05,7.07401961,2.42783224,0,0.5875823490834429
3.21922276e+10,4.99876162e-01,-5.72944278e-15,3.69546887,-2.89803554e-01,-3.99124096,8.11971962e-01,6.46429451e-05,7.07583463,2.43600471,0,0.5934844297998226
3.25134171e+10,4.99874283e-01,-5.79815941e-15,3.69597955,-2.88756347e-01,-3.99286298,8.12582037e-01,6.45343957e-05,7.07768543,2.44430910,0,0.5994225136373043
3.28358863e+10,4.99872383e-01,-5.86824447e-15,3.69649599,-2.87696278e-01,-3.99448937,8.13191295e-01,6.44271937e-05,7.07956272,2.45270563,0,0.6053842562988969
3.31618519e+10,4.99870422e-01,-5.94206918e-15,3.69702806,-2.86600963e-01,-3.99612880,8.13798972e-01,6.43232501e-05,7.08151234,2.46135388,0,0.6114106396673912
3.34878494e+10,4.99868460e-01,-6.01593287e-15,3.69756027,-2.85505275e-01,-3.99776855,8.14406801e-01,6.42192006e-05,7.08346267,2.47000441,0,0.6174376127963677
3.38182165e+10,4.99866416e-01,-6.09515403e-15,3.69811147,-2.84358448e-01,-3.99944531,8.15029864e-01,6.41043340e-05,7.08551093,2.47896733,0,0.6235453701699607
3.41486072e+10,4.99864371e-01,-6.17440423e-15,3.69866278,-2.83211348e-01,-4.00112211,8.15652889e-01,6.39894903e-05,7.08755972,2.48793194,0,0.6296535638553838
3.44822133e+10,4.99862258e-01,-6.25831135e-15,3.69923174,-2.82022951e-01,-4.00280984,8.16274164e-01,6.38772020e-05,7.08968957,2.49715228,0,0.6358212031788837
3.48164970e+10,4.99860130e-01,-6.34319943e-15,3.69980441,-2.80825839e-01,-4.00450004,8.16895172e-01,6.37653926e-05,7.09183650,2.50642646,0,0.6420013698284894
3.51533907e+10,4.99857940e-01,-6.43250391e-15,3.70039009,-2.79588291e-01,-4.00621534,8.17525513e-01,6.36468260e-05,7.09405380,2.51593161,0,0.6482297896084616
3.54912321e+10,4.99855728e-01,-6.52341222e-15,3.70098050,-2.78336058e-01,-4.00793972,8.18159215e-01,6.35258228e-05,7.09629666,2.52552063,0,0.6544757302664599
3.58312125e+10,4.99853455e-01,-6.61883167e-15,3.70158579,-2.77046360e-01,-4.00968609,8.18799863e-01,6.34006704e-05,7.09860666,2.53533525,0,0.6607612163060114
3.61720241e+10,4.99851159e-01,-6.71600429e-15,3.70219687,-2.75742110e-01,-4.01144098,8.19443182e-01,6.32739165e-05,7.10094277,2.54523755,0,0.6670620693961224
3.65148895e+10,4.99848797e-01,-6.81832103e-15,3.70282184,-2.74394923e-01,-4.01320641,8.20086151e-01,6.31467485e-05,7.10334934,2.55539075,0,0.6734008927081288
3.68583325e+10,4.99846416e-01,-6.92208468e-15,3.70345071,-2.73035665e-01,-4.01497492,8.20729093e-01,6.30194291e-05,7.10577575,2.56561456,0,0.6797503945672997
3.72036621e+10,4.99843959e-01,-7.03200392e-15,3.70409740,-2.71627615e-01,-4.01674829,8.21368174e-01,6.28942606e-05,7.10828014,2.57612585,0,0.6861347754899761
3.75493550e+10,4.99841487e-01,-7.14328101e-15,3.70474761,-2.70208867e-01,-4.01852403,8.22007453e-01,6.27687584e-05,7.11080049,2.58669877,0,0.692525873026546
3.78965879e+10,4.99838939e-01,-7.26108321e-15,3.70541294,-2.68738628e-01,-4.02032306,8.22656264e-01,6.26360911e-05,7.11339257,2.59756109,0,0.6989454417588111
3.82442487e+10,4.99836362e-01,-7.38158672e-15,3.70608463,-2.67248306e-01,-4.02212241,8.23303129e-01,6.25042714e-05,7.11600919,2.60853744,0,0.7053729214161658
3.85926770e+10,4.99833732e-01,-7.50696373e-15,3.70676787,-2.65721984e-01,-4.02392075,8.23945505e-01,6.23744566e-05,7.11867047,2.61972109,0,0.7118145904518944
3.89416168e+10,4.99831047e-01,-7.63762254e-15,3.70746236,-2.64156571e-01,-4.02573229,8.24592883e-01,6.22404347e-05,7.12137034,2.63111373,0,0.7182657159919076
3.92908210e+10,4.99828332e-01,-7.77117875e-15,3.70816299,-2.62569620e-01,-4.02755207,8.25243655e-01,6.21038430e-05,7.12409072,2.64262028,0,0.7247217297034414
3.96403223e+10,4.99825540e-01,-7.91269078e-15,3.70887856,-2.60926558e-01,-4.02936580,8.25886254e-01,6.19703756e-05,7.12687256,2.65447271,0,0.7311832361372096
3.99897347e+10,4.99822712e-01,-8.05804974e-15,3.70960142,-2.59256945e-01,-4.03117249,8.26523474e-01,6.18387365e-05,7.12967330,2.66647575,0,0.737643099006499
4.03390176e+10,4.99819839e-01,-8.20816537e-15,3.71033355,-2.57554844e-01,-4.03297087,8.27154388e-01,6.17092500e-05,7.13249762,2.67866604,0,0.7441005677070596
4.06876299e+10,4.99816899e-01,-8.36629125e-15,3.71108037,-2.55799421e-01,-4.03478471,8.27795000e-01,6.15723374e-05,7.13534906,2.69115252,0,0.7505456384960402
4.10357475e+10,4.99813918e-01,-8.52936054e-15,3.71183440,-2.54012482e-01,-4.03659193,8.28430539e-01,6.14366970e-05,7.13821598,2.70382293,0,0.7569815633755984
4.13832452e+10,4.99810892e-01,-8.69824922e-15,3.71259646,-2.52189064e-01,-4.03838819,8.29057993e-01,6.13038789e-05,7.14110101,2.71671068,0,0.7634060276744998
4.17293130e+10,4.99807799e-01,-8.87589824e-15,3.71337078,-2.50308605e-01,-4.04019985,8.29694587e-01,6.11643808e-05,7.14400402,2.72991958,0,0.7698040562833205
4.20740910e+10,4.99804662e-01,-9.05980879e-15,3.71415447,-2.48391354e-01,-4.04199700,8.30322026e-01,6.10276012e-05,7.14691615,2.74334742,0,0.7761782393413571
4.24175033e+10,4.99801480e-01,-9.25012365e-15,3.71494668,-2.46435871e-01,-4.04377773,8.30939570e-01,6.08939449e-05,7.14983704,2.75699731,0,0.782527173625393
4.27590525e+10,4.99798243e-01,-9.44873970e-15,3.71574742,-2.44428630e-01,-4.04553897,8.31546565e-01,6.07633120e-05,7.15276917,2.77093346,0,0.7888416633089748
4.30982321e+10,4.99794951e-01,-9.65624425e-15,3.71655816,-2.42370154e-01,-4.04730818,8.32161317e-01,6.06267621e-05,7.15571237,2.78515638,0,0.7951123443267647
4.34352721e+10,4.99791613e-01,-9.87207769e-15,3.71737642,-2.40265053e-01,-4.04906592,8.32769938e-01,6.04912619e-05,7.15865962,2.79959671,0,0.8013434688703279
4.37699592e+10,4.99788228e-01,-1.00965639e-14,3.71820201,-2.38114010e-01,-4.05080155,8.33366641e-01,6.03592716e-05,7.16161689,2.81426944,0,0.8075310934941826
4.41021588e+10,4.99784795e-01,-1.03302164e-14,3.71903515,-2.35912790e-01,-4.05251663,8.33953288e-01,6.02299365e-05,7.16457186,2.82911022,0,0.8136727297418739
4.44305633e+10,4.99781308e-01,-1.05756208e-14,3.71987537,-2.33655943e-01,-4.05423169,8.34544747e-01,6.00955552e-05,7.16757690,2.84437891,0,0.8197442029799661
4.47558254e+10,4.99777776e-01,-1.08310493e-14,3.72072029,-2.31348198e-01,-4.05591870,8.35121769e-01,5.99653922e-05,7.17060693,2.85991655,0,0.8257575801886087
4.50775883e+10,4.99774198e-01,-1.10968944e-14,3.72157070,-2.28988926e-01,-4.05759391,8.35694797e-01,5.98347153e-05,7.17366221,2.87571150,0,0.8317062649245394
4.53956706e+10,4.99770574e-01,-1.13738817e-14,3.72242549,-2.26577266e-01,-4.05925562,8.36263312e-01,5.97040201e-05,7.17674907,2.89177332,0,0.8375869035027587
4.57099812e+10,4.99766905e-01,-1.16624572e-14,3.72328270,-2.24110385e-01,-4.06089100,8.36820074e-01,5.95760948e-05,7.17987012,2.90809544,0,0.8433978116856511
4.60202216e+10,4.99763192e-01,-1.19631387e-14,3.72414264,-2.21588342e-01,-4.06250302,8.37367633e-01,5.94497455e-05,7.18302834,2.92466786,0,0.8491334708680771
4.63261092e+10,4.99759435e-01,-1.22765993e-14,3.72500604,-2.19013111e-01,-4.06408078,8.37899609e-01,5.93276104e-05,7.18622685,2.94148350,0,0.8547886564007486
4.66275496e+10,4.99755636e-01,-1.26032490e-14,3.72587041,-2.16381024e-01,-4.06563027,8.38420676e-01,5.92079598e-05,7.18946957,2.95854500,0,0.8603616230363453
4.69244736e+10,4.99751792e-01,-1.29437955e-14,3.72673340,-2.13687988e-01,-4.06715048,8.38930805e-01,5.90906196e-05,7.19275931,2.97584276,0,0.8658510914198397
4.72166552e+10,4.99747907e-01,-1.32992774e-14,3.72759397,-2.10929062e-01,-4.06865741,8.39440457e-01,5.89710281e-05,7.19609104,2.99333371,0,0.8712528833108247
4.75043536e+10,4.99743975e-01,-1.36719856e-14,3.72845179,-2.08109520e-01,-4.07013243,8.39936490e-01,5.88550087e-05,7.19948921,3.01100847,0,0.8765717907443158
4.77872445e+10,4.99740000e-01,-1.40606586e-14,3.72930760,-2.05227857e-01,-4.07157240,8.40417982e-01,5.87427107e-05,7.20293758,3.02882219,0,0.8818018181302067
4.80651574e+10,4.99735983e-01,-1.44656398e-14,3.73015873,-2.02283017e-01,-4.07298042,8.40887639e-01,5.86329612e-05,7.20643605,3.04683297,0,0.8869398133004026
4.83379984e+10,4.99731924e-01,-1.48882841e-14,3.73100317,-1.99272198e-01,-4.07436993,8.41353830e-01,5.85223938e-05,7.20998779,3.06504378,0,0.8919840402514777
4.86056793e+10,4.99727825e-01,-1.53292391e-14,3.73184137,-1.96197987e-01,-4.07572225,8.41804792e-01,5.84157963e-05,7.21359357,3.08343856,0,0.8969328683604056
4.88681705e+10,4.99723688e-01,-1.57890167e-14,3.73267313,-1.93062423e-01,-4.07704185,8.42243808e-01,5.83120174e-05,7.21725601,3.10201167,0,0.90178575038862
4.91255691e+10,4.99719511e-01,-1.62681292e-14,3.73349614,-1.89863063e-01,-4.07833437,8.42674667e-01,5.82094282e-05,7.22098103,3.12076195,0,0.9065444815004725
4.93778419e+10,4.99715296e-01,-1.67671969e-14,3.73430973,-1.86599529e-01,-4.07959667,8.43094791e-01,5.81090722e-05,7.22476992,3.13967502,0,0.9112084479013549
4.96248932e+10,4.99711039e-01,-1.72885579e-14,3.73511296,-1.83271806e-01,-4.08080569,8.43494892e-01,5.80137197e-05,7.22862778,3.15876210,0,0.9157758803098204
4.98675774e+10,4.99706717e-01,-1.78348040e-14,3.73591140,-1.79901580e-01,-4.08174303,8.43805731e-01,5.79388592e-05,7.23249917,3.17801732,0,0.9202625746931429
5.01054273e+10,4.99702354e-01,-1.83984334e-14,3.73669843,-1.76465075e-01,-4.08265970,8.44110948e-01,5.78648083e-05,7.23645769,3.19734748,0,0.9246598935561088
5.03415561e+10,4.99697891e-01,-1.89942217e-14,3.73748974,-1.73034739e-01,-4.08299302,8.44222854e-01,5.78380107e-05,7.24033483,3.21688299,0,0.929025393084717
5.05743407e+10,4.99693345e-01,-1.95951823e-14,3.73827274,-1.69560449e-01,-4.08299302,8.44222852e-01,5.78389813e-05,7.24421413,3.23653335,0,0.9333290657479723
5.08022507e+10,4.99688750e-01,-2.02185946e-14,3.73904042,-1.66006736e-01,-4.08299302,8.44222851e-01,5.78398882e-05,7.24821340,3.25616593,0,0.9375426178329577
5.10258764e+10,4.99684105e-01,-2.08757640e-14,3.73979409,-1.62383443e-01,-4.08299302,8.44222850e-01,5.78407381e-05,7.25234986,3.27577736,0,0.9416769626817635
5.12450134e+10,4.99679399e-01,-2.15669121e-14,3.74053248,-1.58684694e-01,-4.08299302,8.44222849e-01,5.78415349e-05,7.25667190,3.29532203,0,0.9457283213902337
5.14600291e+10,4.99674625e-01,-2.22914215e-14,3.74125602,-1.54909249e-01,-4.08299302,8.44222849e-01,5.78422799e-05,7.26121994,3.31470541,0,0.9497034863721985
5.16712569e+10,4.99669786e-01,-2.30473616e-14,3.74196538,-1.51067343e-01,-4.08299302,8.44222848e-01,5.78429773e-05,7.26602748,3.33397666,0,0.9536086214566479
5.18787863e+10,4.99664860e-01,-2.38400298e-14,3.74266054,-1.47152476e-01,-4.08299302,8.44222847e-01,5.78435356e-05,7.27117975,3.35300331,0,0.9574453813007345
5.20833599e+10,4.99659845e-01,-2.46663235e-14,3.74334419,-1.43169686e-01,-4.08299302,8.44222847e-01,5.78440547e-05,7.27666555,3.37167072,0,0.9612274949368759
5.22848776e+10,4.99654729e-01,-2.55309500e-14,3.74401505,-1.39119760e-01,-4.08299302,8.44222846e-01,5.78445383e-05,7.28252625,3.39000967,0,0.9649531117373518
5.24836230e+10,4.99649511e-01,-2.64318304e-14,3.74467437,-1.35010027e-01,-4.08299302,8.44222846e-01,5.78449908e-05,7.28866992,3.40806067,0,0.9686274748392396
5.26792908e+10,4.99644186e-01,-2.73733545e-14,3.74531980,-1.30836605e-01,-4.08299302,8.44222846e-01,5.78454103e-05,7.29490558,3.42592621,0,0.9722449399204318
5.28714210e+10,4.99638777e-01,-2.83778086e-14,3.74594910,-1.26607855e-01,-4.08299302,8.44222845e-01,5.78458003e-05,7.30093518,3.44393351,0,0.9757970025977987
5.30588293e+10,4.99633303e-01,-2.94873340e-14,3.74655536,-1.22323765e-01,-4.08299302,8.44222845e-01,5.78461586e-05,7.30635749,3.46252408,0,0.9792617677823389
5.32398135e+10,4.99627815e-01,-3.06531201e-14,3.74712888,-1.17981307e-01,-4.08299302,8.44222844e-01,5.78464835e-05,7.31079756,3.48212687,0,0.9826077655589148
5.34134716e+10,4.99622354e-01,-3.18381413e-14,3.74766502,-1.13585720e-01,-4.08299302,8.44222844e-01,5.78467761e-05,7.31417356,3.50289635,0,0.9858183199414764
5.35800592e+10,4.99616920e-01,-3.30427560e-14,3.74816236,-1.09115624e-01,-4.08299302,8.44222844e-01,5.78470374e-05,7.31658944,3.52443074,0,0.9888981564089974
5.37392357e+10,4.99611539e-01,-3.42698733e-14,3.74861977,-1.04599444e-01,-4.08299302,8.44222844e-01,5.78472691e-05,7.31840270,3.54700140,0,0.991840978020404
5.38919637e+10,4.99606186e-01,-3.55367110e-14,3.74904009,-1.00015790e-01,-4.08299302,8.44222844e-01,5.78474742e-05,7.31981612,3.57013043,0,0.9946645811217846
5.40390035e+10,4.99600844e-01,-3.68489665e-14,3.74942747,-9.53719204e-02,-4.08299302,8.44222843e-01,5.78481676e-05,7.32104593,3.59370491,0,0.9973830219794295
5.41805552e+10,4.99595513e-01,-3.82128809e-14,3.74978017,-9.06597817e-02,-4.08299302,8.44222842e-01,5.78487048e-05,7.32219983,3.61763409,2,2.0
