star_age,star_mass,star_mdot,log_L,log_Teff,log_R,log_surf_z,v_wind_Km_per_s,log_center_T,log_center_Rho,phase
5.31138132e+04,1.49999990e-01,-1.64145334e-13,-5.48146447e-01,3.45911575,3.30372419e-01,-1.34509847,1.00030453e-06,5.79943978,-8.00756132e-01,-1
5.60043979e+04,1.49999989e-01,-1.61423749e-13,-5.52985177e-01,3.45911755,3.27949457e-01,-1.34509847,9.92276896e-07,5.80166832,-7.94082708e-01,-1
5.90532736e+04,1.49999989e-01,-1.58649546e-13,-5.58004148e-01,3.45911816,3.25438753e-01,-1.34509847,9.84206606e-07,5.80397755,-7.87163830e-01,-1
6.22676371e+04,1.49999988e-01,-1.55826030e-13,-5.63207819e-01,3.45911732,3.22838608e-01,-1.34509847,9.76102487e-07,5.80637022,-7.79992715e-01,-1
6.56545926e+04,1.49999988e-01,-1.52955257e-13,-5.68597157e-01,3.45911469,3.20149202e-01,-1.34509847,9.67956052e-07,5.80884556,-7.72573023e-01,-1
6.92211542e+04,1.49999987e-01,-1.50041130e-13,-5.74172844e-01,3.45911010,3.17370536e-01,-1.34509847,9.59766196e-07,5.81140389,-7.64901435e-01,-1
7.29742754e+04,1.49999987e-01,-1.47087523e-13,-5.79935711e-01,3.45910334,3.14502617e-01,-1.34509847,9.51528935e-07,5.81404527,-7.56978893e-01,-1
7.69268540e+04,1.49999986e-01,-1.44096368e-13,-5.85885357e-01,3.45909587,3.11542727e-01,-1.34509847,9.43240559e-07,5.81677265,-7.48798491e-01,-1
8.11131740e+04,1.49999985e-01,-1.41070207e-13,-5.92057789e-01,3.45908380,3.08480663e-01,-1.34509847,9.34888651e-07,5.81959518,-7.40330917e-01,-1
8.55110817e+04,1.49999985e-01,-1.38014350e-13,-5.98417687e-01,3.45906905,3.05330202e-01,-1.34509847,9.26462801e-07,5.82250028,-7.31615562e-01,-1
9.01406332e+04,1.49999984e-01,-1.34932630e-13,-6.04975257e-01,3.45905128,3.02086954e-01,-1.34509847,9.17971363e-07,5.82549261,-7.22641162e-01,-1
9.50361728e+04,1.49999984e-01,-1.31827881e-13,-6.11747933e-01,3.45903009,2.98743002e-01,-1.34509847,9.09410029e-07,5.82857918,-7.13382450e-01,-1
1.00171246e+05,1.49999983e-01,-1.28708224e-13,-6.18705933e-01,3.45900568,2.95312823e-01,-1.34509847,9.00790800e-07,5.83174611,-7.03884713e-01,-1
1.05610719e+05,1.49999982e-01,-1.25574502e-13,-6.25888224e-01,3.45897712,2.91778804e-01,-1.34509847,8.92080732e-07,5.83501097,-6.94092884e-01,-1
1.11318884e+05,1.49999982e-01,-1.22434016e-13,-6.33258687e-01,3.45894433,2.88159144e-01,-1.34509847,8.83292831e-07,5.83835544,-6.84063262e-01,-1
1.17349311e+05,1.49999981e-01,-1.19291077e-13,-6.40842474e-01,3.45890717,2.84441570e-01,-1.34509847,8.74401516e-07,5.84179207,-6.73754683e-01,-1
1.23698659e+05,1.49999980e-01,-1.16150406e-13,-6.48623862e-01,3.45886557,2.80634080e-01,-1.34509847,8.65390270e-07,5.84531301,-6.63192098e-01,-1
1.30375642e+05,1.49999979e-01,-1.13016819e-13,-6.56595905e-01,3.45881956,2.76740080e-01,-1.34509847,8.56243330e-07,5.84891477,-6.52383198e-01,-1
1.37428970e+05,1.49999979e-01,-1.09896302e-13,-6.64767045e-01,3.45876998,2.72753668e-01,-1.34509847,8.46918125e-07,5.85260413,-6.41312812e-01,-1
1.44857841e+05,1.49999978e-01,-1.06795802e-13,-6.73132683e-01,3.45871425,2.68682312e-01,-1.34509847,8.37410487e-07,5.85637339,-6.29995750e-01,-1
1.52678527e+05,1.49999977e-01,-1.03716072e-13,-6.81683964e-01,3.45865263,2.64529911e-01,-1.34509847,8.27658351e-07,5.86021946,-6.18445445e-01,-1
1.60914790e+05,1.49999976e-01,-1.00664882e-13,-6.90415295e-01,3.45858509,2.60299317e-01,-1.34509847,8.17651408e-07,5.86413979,-6.06670448e-01,-1
1.69590893e+05,1.49999975e-01,-9.76471760e-14,-6.99321095e-01,3.45851114,2.55994316e-01,-1.34509847,8.07357799e-07,5.86813082,-5.94681075e-01,-1
1.78731879e+05,1.49999974e-01,-9.46688895e-14,-7.08389898e-01,3.45843098,2.51620250e-01,-1.34509847,7.96737785e-07,5.87218774,-5.82487684e-01,-1
1.88367516e+05,1.49999973e-01,-9.17364856e-14,-7.17610985e-01,3.45834444,2.47182770e-01,-1.34509847,7.85770671e-07,5.87630546,-5.70112213e-01,-1
1.98519511e+05,1.49999973e-01,-8.88549991e-14,-7.26970432e-01,3.45825106,2.42689810e-01,-1.34509847,7.74466770e-07,5.88047637,-5.57572322e-01,-1
2.09213376e+05,1.49999972e-01,-8.60302664e-14,-7.36451403e-01,3.45815022,2.38151016e-01,-1.34509847,7.62841427e-07,5.88469174,-5.44895978e-01,-1
2.20478804e+05,1.49999971e-01,-8.32692740e-14,-7.46030416e-01,3.45804295,2.33576044e-01,-1.34509847,7.50940258e-07,5.88894287,-5.32110338e-01,-1
2.32352645e+05,1.49999970e-01,-8.05782247e-14,-7.55683672e-01,3.45792870,2.28977919e-01,-1.34509847,7.38789047e-07,5.89321762,-5.19253175e-01,-1
2.44867358e+05,1.49999969e-01,-7.79643577e-14,-7.65358485e-01,3.45781381,2.24370297e-01,-1.34509847,7.26483151e-07,5.89750309,-5.06360058e-01,-1
2.58054874e+05,1.49999968e-01,-7.54381388e-14,-7.75064074e-01,3.45768687,2.19771379e-01,-1.34509847,7.14067770e-07,5.90178231,-4.93486877e-01,-1
2.71953389e+05,1.49999967e-01,-7.30007121e-14,-7.84731377e-01,3.45755577,2.15199922e-01,-1.34509847,7.01594561e-07,5.90603779,-4.80682694e-01,-1
2.86602532e+05,1.49999966e-01,-7.06600437e-14,-7.94325035e-01,3.45741802,2.10678602e-01,-1.34509847,6.89137943e-07,5.91024825,-4.68011984e-01,-1
3.02045001e+05,1.49999965e-01,-6.84254577e-14,-8.03797421e-01,3.45727325,2.06231943e-01,-1.34509847,6.76798924e-07,5.91439097,-4.55543669e-01,-1
3.18326998e+05,1.49999963e-01,-6.63028267e-14,-8.13082005e-01,3.45712455,2.01887059e-01,-1.34509847,6.64675963e-07,5.91844032,-4.43354279e-01,-1
3.35497037e+05,1.49999962e-01,-6.43008376e-14,-8.22115952e-01,3.45697355,1.97672068e-01,-1.34509847,6.52887409e-07,5.92236986,-4.31521833e-01,-1
3.53605075e+05,1.49999961e-01,-6.24252850e-14,-8.30837266e-01,3.45682157,1.93615389e-01,-1.34509847,6.41521392e-07,5.92615330,-4.20126028e-01,-1
3.72699814e+05,1.49999960e-01,-6.06806021e-14,-8.39187305e-01,3.45667003,1.89743447e-01,-1.34509847,6.30671118e-07,5.92976549,-4.09243752e-01,-1
3.92848615e+05,1.49999959e-01,-5.90702605e-14,-8.47108563e-01,3.45652022,1.86082436e-01,-1.34509847,6.20408834e-07,5.93318179,-3.98947743e-01,-1
4.14152295e+05,1.49999958e-01,-5.75993290e-14,-8.54539778e-01,3.45637382,1.82659626e-01,-1.34509847,6.10813083e-07,5.93637659,-3.89318423e-01,-1
4.36596096e+05,1.49999956e-01,-5.62559791e-14,-8.61486134e-01,3.45623213,1.79469822e-01,-1.34509847,6.01874298e-07,5.93935493,-3.80338818e-01,-1
4.60272142e+05,1.49999955e-01,-5.50384493e-14,-8.67927987e-01,3.45609636,1.76520441e-01,-1.34509847,5.93621824e-07,5.94210930,-3.72035367e-01,-1
4.85280838e+05,1.49999954e-01,-5.39401531e-14,-8.73869989e-01,3.45596728,1.73807595e-01,-1.34509847,5.86053565e-07,5.94464352,-3.64393487e-01,-1
5.11678032e+05,1.49999952e-01,-5.29481822e-14,-8.79355306e-01,3.45584494,1.71309609e-01,-1.34509847,5.79121527e-07,5.94697761,-3.57356263e-01,-1
5.39447809e+05,1.49999951e-01,-5.20431452e-14,-8.84466011e-01,3.45572837,1.68987399e-01,-1.34509847,5.72726954e-07,5.94914786,-3.50810111e-01,-1
5.68749631e+05,1.49999949e-01,-5.12151861e-14,-8.89251375e-01,3.45561663,1.66818196e-01,-1.34509847,5.66821392e-07,5.95117547,-3.44697246e-01,-1
5.99763322e+05,1.49999948e-01,-5.04504666e-14,-8.93789036e-01,3.45550821,1.64766207e-01,-1.34509847,5.61326555e-07,5.95309401,-3.38912016e-01,-1
6.32439836e+05,1.49999946e-01,-4.97265064e-14,-8.98194032e-01,3.45540069,1.62778758e-01,-1.34509847,5.56099089e-07,5.95495260,-3.33307191e-01,-1
6.66874904e+05,1.49999944e-01,-4.90274003e-14,-9.02558333e-01,3.45529194,1.60814102e-01,-1.34509847,5.51029839e-07,5.95678995,-3.27766091e-01,-1
7.03163662e+05,1.49999943e-01,-4.83369429e-14,-9.06976347e-01,3.45517958,1.58829814e-01,-1.34509847,5.45997599e-07,5.95864593,-3.22167408e-01,-1
7.41405662e+05,1.49999941e-01,-4.76388052e-14,-9.11544201e-01,3.45506092,1.56783218e-01,-1.34509847,5.40880588e-07,5.96056069,-3.16390791e-01,-1
7.81709681e+05,1.49999939e-01,-4.69164521e-14,-9.16361702e-01,3.45493300,1.54630307e-01,-1.34509847,5.35541598e-07,5.96257510,-3.10314116e-01,-1
8.24192851e+05,1.49999937e-01,-4.61528748e-14,-9.21535788e-01,3.45479251,1.52324238e-01,-1.34509847,5.29835164e-07,5.96473309,-3.03802924e-01,-1
8.68970788e+05,1.49999935e-01,-4.53306372e-14,-9.27183019e-01,3.45463539,1.49814855e-01,-1.34509847,5.23607308e-07,5.96708166,-2.96715369e-01,-1
9.16140420e+05,1.49999933e-01,-4.44325489e-14,-9.33432774e-01,3.45445624,1.47048288e-01,-1.34509847,5.16700606e-07,5.96967142,-2.88898542e-01,-1
9.65763546e+05,1.49999931e-01,-4.34419954e-14,-9.40417985e-01,3.45424974,1.43968687e-01,-1.34509847,5.08960417e-07,5.97255454,-2.80193423e-01,-1
1.01785590e+06,1.49999929e-01,-4.23455503e-14,-9.48268345e-01,3.45401160,1.40519785e-01,-1.34509847,5.00268327e-07,5.97578399,-2.70440860e-01,-1
1.07281273e+06,1.49999926e-01,-4.11087418e-14,-9.57331903e-01,3.45372495,1.36561298e-01,-1.34509847,4.90291876e-07,5.97949171,-2.59242325e-01,-1
1.13035315e+06,1.49999924e-01,-3.97289484e-14,-9.67710823e-01,3.45338240,1.32056946e-01,-1.34509847,4.78996076e-07,5.98371169,-2.46492329e-01,-1
1.19073569e+06,1.49999922e-01,-3.81731753e-14,-9.79839369e-01,3.45296071,1.26836049e-01,-1.34509847,4.65873799e-07,5.98860488,-2.31706457e-01,-1
1.25388958e+06,1.49999919e-01,-3.64267047e-14,-9.94072961e-01,3.45243658,1.20767506e-01,-1.34509847,4.41230870e-07,5.99429418,-2.14508836e-01,-1
1.31958599e+06,1.49999917e-01,-3.44921523e-14,-1.01066737,3.45178562,1.13772233e-01,-1.34509847,4.12577463e-07,6.00085509,-1.94673393e-01,-1
1.38776061e+06,1.49999915e-01,-3.23776207e-14,-1.02999247,3.45096691,1.05747092e-01,-1.34509847,3.82402486e-07,6.00838454,-1.71900522e-01,-1
1.45820490e+06,1.49999913e-01,-3.01409408e-14,-1.05194052,3.44995916,9.67885701e-02,-1.34509847,3.51809892e-07,6.01679329,-1.46454024e-01,-1
1.53106039e+06,1.49999910e-01,-2.78747996e-14,-1.07606253,3.44875545,8.71349884e-02,-1.34509847,3.22274983e-07,6.02585959,-1.19002933e-01,-1
1.60675667e+06,1.49999908e-01,-2.56896106e-14,-1.10145135,3.44737956,7.71923496e-02,-1.34509847,2.95111846e-07,6.03520316,-9.06949302e-02,-1
1.68592305e+06,1.49999907e-01,-2.36647160e-14,-1.12716102,3.44589314,6.73103559e-02,-1.34509847,2.71020945e-07,6.04449514,-6.25319498e-02,-1
1.76912023e+06,1.49999905e-01,-2.18257987e-14,-1.15269272,3.44433287,5.76650620e-02,-1.34509847,2.49888372e-07,6.05363761,-3.48866741e-02,-1
1.85669137e+06,1.49999903e-01,-2.01600936e-14,-1.17783613,3.44273440,4.82902981e-02,-1.34509847,2.31214232e-07,6.06247049,-8.10231548e-03,-1
1.94890371e+06,1.49999901e-01,-1.86499831e-14,-1.20254751,3.44111975,3.91639024e-02,-1.34509847,2.14552514e-07,6.07106575,1.79890642e-02,-1
2.04606057e+06,1.49999899e-01,-1.72797721e-14,-1.22679049,3.43950995,3.02620052e-02,-1.34509847,1.99573068e-07,6.07944241,4.34432738e-02,-1
2.14844644e+06,1.49999898e-01,-1.60345786e-14,-1.25056492,3.43791523,2.15642372e-02,-1.34509847,1.85996190e-07,6.08762828,6.83270816e-02,-1
2.25640381e+06,1.49999896e-01,-1.49030118e-14,-1.27381937,3.43636012,1.30472330e-02,-1.34509847,1.73663505e-07,6.09564478,9.27106622e-02,-1
2.37019614e+06,1.49999894e-01,-1.38713542e-14,-1.29660390,3.43483930,4.69660903e-03,-1.34509847,1.62366384e-07,6.10350485,1.16640287e-01,-1
2.49016542e+06,1.49999893e-01,-1.29298949e-14,-1.31889232,3.43336847,-3.50594117e-03,-1.34509847,1.52008903e-07,6.11122550,1.40157016e-01,-1
2.61662033e+06,1.49999891e-01,-1.20689498e-14,-1.34070578,3.43194942,-1.15745832e-02,-1.34509847,1.42485828e-07,6.11881932,1.63295961e-01,-1
2.74989637e+06,1.49999890e-01,-1.12798145e-14,-1.36207158,3.43058084,-1.95203133e-02,-1.34509847,1.33702677e-07,6.12629519,1.86085085e-01,-1
2.89049258e+06,1.49999888e-01,-1.05562193e-14,-1.38298272,3.42926975,-2.73537146e-02,-1.34509847,1.25611180e-07,6.13366404,2.08558468e-01,-1
3.03858871e+06,1.49999887e-01,-9.89074928e-15,-1.40350166,3.42800613,-3.50859380e-02,-1.34509847,1.18129372e-07,6.14093621,2.30755453e-01,-1
3.19467711e+06,1.49999885e-01,-9.27661460e-15,-1.42365551,3.42678665,-4.27239113e-02,-1.34509847,1.11189121e-07,6.14811935,2.52697392e-01,-1
3.35917439e+06,1.49999884e-01,-8.70964699e-15,-1.44343922,3.42561809,-5.02786477e-02,-1.34509847,1.04765815e-07,6.15522360,2.74410574e-01,-1
3.53248267e+06,1.49999882e-01,-8.18508002e-15,-1.46289142,3.42449439,-5.77573401e-02,-1.34509847,9.88084135e-08,6.16225445,2.95904836e-01,-1
3.71506961e+06,1.49999881e-01,-7.69870235e-15,-1.48205833,3.42340666,-6.51653259e-02,-1.34509847,9.32685319e-08,6.16921650,3.17200520e-01,-1
3.90746169e+06,1.49999879e-01,-7.24709981e-15,-1.50091416,3.42236529,-7.25105066e-02,-1.34509847,8.81265957e-08,6.17611706,3.38323757e-01,-1
4.11005102e+06,1.49999878e-01,-6.82703348e-15,-1.51951459,3.42135853,-7.97972083e-02,-1.34509847,8.33398659e-08,6.18296100,3.59292108e-01,-1
4.32357093e+06,1.49999877e-01,-6.43587584e-15,-1.53787963,3.42038312,-8.70288986e-02,-1.34509847,7.88791701e-08,6.18975103,3.80113580e-01,-1
4.54833011e+06,1.49999875e-01,-6.07079990e-15,-1.55601334,3.41944142,-9.42123653e-02,-1.34509847,7.47199711e-08,6.19649586,4.00805680e-01,-1
4.78515053e+06,1.49999874e-01,-5.72996975e-15,-1.57393906,3.41852883,-1.01350048e-01,-1.34509847,7.08387113e-08,6.20319665,4.21370481e-01,-1
5.03457658e+06,1.49999872e-01,-5.41116042e-15,-1.59167431,3.41764292,-1.08445840e-01,-1.34509847,6.72109217e-08,6.20985696,4.41822776e-01,-1
5.29713011e+06,1.49999871e-01,-5.11251922e-15,-1.60922755,3.41678344,-1.15503508e-01,-1.34509847,6.38169318e-08,6.21647920,4.62167189e-01,-1
5.57375519e+06,1.49999870e-01,-4.83282451e-15,-1.62661044,3.41594868,-1.22525424e-01,-1.34509847,6.06418969e-08,6.22306527,4.82418514e-01,-1
5.86509005e+06,1.49999868e-01,-4.57043340e-15,-1.64384136,3.41513527,-1.29514072e-01,-1.34509847,5.76655292e-08,6.22961761,5.02584984e-01,-1
6.17176056e+06,1.49999867e-01,-4.32388714e-15,-1.66092446,3.41434389,-1.36472867e-01,-1.34509847,5.48720598e-08,6.23614155,5.22679327e-01,-1
6.49466754e+06,1.49999866e-01,-4.09227891e-15,-1.67787340,3.41357174,-1.43403038e-01,-1.34509847,5.22497719e-08,6.24263730,5.42697603e-01,-1
6.83495063e+06,1.49999864e-01,-3.87465620e-15,-1.69467604,3.41282339,-1.50307638e-01,-1.34509847,4.97899197e-08,6.24910821,5.62647238e-01,-1
7.19318138e+06,1.49999863e-01,-3.66994448e-15,-1.71134318,3.41209730,-1.57189044e-01,-1.34509847,4.74796776e-08,6.25555556,5.82538433e-01,-1
7.57024948e+06,1.49999862e-01,-3.47697098e-15,-1.72791078,3.41138490,-1.64048034e-01,-1.34509847,4.53000761e-08,6.26198141,6.02380210e-01,-1
7.96737562e+06,1.49999860e-01,-3.29515987e-15,-1.74437266,3.41068890,-1.70886981e-01,-1.34509847,4.32462171e-08,6.26838799,6.22180373e-01,-1
8.38570093e+06,1.49999859e-01,-3.12372614e-15,-1.76073876,3.41000751,-1.77707255e-01,-1.34509847,4.13077121e-08,6.27477611,6.41938665e-01,-1
8.82606298e+06,1.49999858e-01,-2.96195271e-15,-1.77701044,3.40934113,-1.84510333e-01,-1.34509847,3.94767780e-08,6.28114566,6.61652957e-01,-1
9.28961233e+06,1.49999856e-01,-2.80912077e-15,-1.79319687,3.40868778,-1.91296847e-01,-1.34509847,3.77438626e-08,6.28749694,6.81321109e-01,-1
9.77770389e+06,1.49999855e-01,-2.66488639e-15,-1.80930334,3.40804636,-1.98067247e-01,-1.34509847,3.61047039e-08,6.29382998,7.00949065e-01,-1
1.02919689e+07,1.49999854e-01,-2.52865547e-15,-1.82532168,3.40741960,-2.04822891e-01,-1.34509847,3.45529417e-08,6.30014719,7.20543752e-01,-1
1.08333392e+07,1.49999852e-01,-2.39986244e-15,-1.84126302,3.40680573,-2.11565807e-01,-1.34509847,3.30814889e-08,6.30645096,7.40115500e-01,-1
1.14032539e+07,1.49999851e-01,-2.27805008e-15,-1.85712581,3.40620549,-2.18296726e-01,-1.34509847,3.16851316e-08,6.31274244,7.59665386e-01,-1
1.20032519e+07,1.49999850e-01,-2.16288111e-15,-1.87289991,3.40562191,-2.25016631e-01,-1.34509847,3.03610270e-08,6.31902270,7.79195188e-01,-1
1.26354345e+07,1.49999848e-01,-2.05406480e-15,-1.88859012,3.40505395,-2.31725812e-01,-1.34509847,2.91052844e-08,6.32529043,7.98695371e-01,-1
1.33011627e+07,1.49999847e-01,-1.95108808e-15,-1.90420784,3.40449913,-2.38425033e-01,-1.34509847,2.79113684e-08,6.33154602,8.18176207e-01,-1
1.40020885e+07,1.49999846e-01,-1.85367140e-15,-1.91973512,3.40396263,-2.45115666e-01,-1.34509847,2.67778271e-08,6.33779017,8.37636204e-01,-1
1.47400148e+07,1.49999844e-01,-1.76143263e-15,-1.93519082,3.40343980,-2.51797860e-01,-1.34509847,2.56989759e-08,6.34402415,8.57081080e-01,-1
1.55170350e+07,1.49999843e-01,-1.67411011e-15,-1.95056353,3.40293399,-2.58472595e-01,-1.34509847,2.46729382e-08,6.35024908,8.76517573e-01,-1
1.63359507e+07,1.49999842e-01,-1.59151937e-15,-1.96584407,3.40244742,-2.65139713e-01,-1.34509847,2.36982768e-08,6.35646538,8.95942864e-01,-1
1.71982266e+07,1.49999840e-01,-1.51333300e-15,-1.98103363,3.40197966,-2.71798980e-01,-1.34509847,2.27713919e-08,6.36267179,9.15352892e-01,-1
1.81061328e+07,1.49999839e-01,-1.43929700e-15,-1.99613980,3.40152819,-2.78449132e-01,-1.34509847,2.18888018e-08,6.36886699,9.34745938e-01,-1
1.90621392e+07,1.49999838e-01,-1.36914910e-15,-2.01115068,3.40109614,-2.85090462e-01,-1.34509847,2.10485130e-08,6.37505066,9.54118016e-01,-1
2.00692489e+07,1.49999836e-01,-1.30278754e-15,-2.02607795,3.40068071,-2.91723242e-01,-1.34509847,2.02490270e-08,6.38122323,9.73474636e-01,-1
2.11303059e+07,1.49999835e-01,-1.23988148e-15,-2.04092596,3.40028154,-2.98348912e-01,-1.34509847,1.94864594e-08,6.38738584,9.92822705e-01,-1
2.22475551e+07,1.49999834e-01,-1.18021252e-15,-2.05569816,3.39989905,-3.04970026e-01,-1.34509847,1.87586952e-08,6.39354198,1.01216304,-1
2.34239949e+07,1.49999832e-01,-1.12359771e-15,-2.07038899,3.39953607,-3.11589490e-01,-1.34509847,1.80645924e-08,6.39969313,1.03150466,-1
2.46626610e+07,1.49999831e-01,-1.06988962e-15,-2.08501733,3.39918920,-3.18209903e-01,-1.34509847,1.74020552e-08,6.40584236,1.05085423,-1
2.59679659e+07,1.49999830e-01,-1.01887316e-15,-2.09959441,3.39885658,-3.24833203e-01,-1.34509847,1.67681432e-08,6.41199045,1.07021714,-1
2.73426019e+07,1.49999828e-01,-9.70381578e-16,-2.11411553,3.39854053,-3.31461680e-01,-1.34509848,1.61616186e-08,6.41813930,1.08960370,-1
2.87899008e+07,1.49999827e-01,-9.24317568e-16,-2.12858602,3.39824052,-3.38096897e-01,-1.34509848,1.55817859e-08,6.42429117,1.10902042,-1
3.03135591e+07,1.49999826e-01,-8.80464293e-16,-2.14302460,3.39795199,-3.44739127e-01,-1.34509848,1.50251434e-08,6.43044495,1.12846408,-1
3.19186795e+07,1.49999824e-01,-8.38779016e-16,-2.15741530,3.39767957,-3.51389627e-01,-1.34509848,1.44923061e-08,6.43660120,1.14793766,-1
3.36094977e+07,1.49999823e-01,-7.99119969e-16,-2.17177325,3.39741982,-3.58049109e-01,-1.34509848,1.39812786e-08,6.44276200,1.16744022,-1
3.53895283e+07,1.49999822e-01,-7.61373122e-16,-2.18609693,3.39717332,-3.64717951e-01,-1.34509848,1.34910194e-08,6.44892627,1.18697313,-1
3.72634486e+07,1.49999820e-01,-7.25456755e-16,-2.20038187,3.39694152,-3.71396827e-01,-1.34509848,1.30210733e-08,6.45509558,1.20654185,-1
3.92377547e+07,1.49999819e-01,-6.91255626e-16,-2.21464464,3.39671994,-3.78085056e-01,-1.34509849,1.25692921e-08,6.46126922,1.22615166,-1
4.13170730e+07,1.49999817e-01,-6.58705578e-16,-2.22887773,3.39651069,-3.84783085e-01,-1.34509849,1.21356107e-08,6.46744702,1.24580039,-1
4.35058210e+07,1.49999816e-01,-6.27691367e-16,-2.24309397,3.39631040,-3.91490631e-01,-1.34509850,1.17183630e-08,6.47362839,1.26548544,-1
4.58102762e+07,1.49999815e-01,-5.98147397e-16,-2.25728581,3.39612093,-3.98207608e-01,-1.34509851,1.13171999e-08,6.47981472,1.28520598,-1
4.82389442e+07,1.49999813e-01,-5.70040020e-16,-2.27144657,3.39594417,-4.04934482e-01,-1.34509853,1.09321271e-08,6.48600830,1.30496794,-1
5.07954118e+07,1.49999812e-01,-5.43268214e-16,-2.28557947,3.39577920,-4.11670972e-01,-1.34509855,1.05621113e-08,6.49220763,1.32476470,-1
5.34863566e+07,1.49999810e-01,-5.17778693e-16,-2.29967792,3.39562757,-4.18416952e-01,-1.34509857,1.02068461e-08,6.49841256,1.34458419,-1
5.63230026e+07,1.49999809e-01,-4.93504853e-16,-2.31375755,3.39548473,-4.25171083e-01,-1.34509861,9.86483045e-09,6.50461961,1.36443670,-1
5.93086512e+07,1.49999807e-01,-4.70388964e-16,-2.32782332,3.39534840,-4.31931305e-01,-1.34509865,9.53558617e-09,6.51082653,1.38430501,-1
6.24513040e+07,1.49999806e-01,-4.48355079e-16,-2.34186301,3.39522155,-4.38697453e-01,-1.34509868,9.21849649e-09,6.51703315,1.40420177,-1
6.57640789e+07,1.49999805e-01,-4.27390247e-16,-2.35587682,3.39510495,-4.45471149e-01,-1.34509872,8.91369278e-09,6.52323976,1.42414024,-1
6.92506381e+07,1.49999803e-01,-4.07403277e-16,-2.36987265,3.39499842,-4.52256022e-01,-1.34509875,8.62022915e-09,6.52945099,1.44414171,-1
7.29213897e+07,1.49999802e-01,-3.88338043e-16,-2.38386451,3.39490114,-4.59057385e-01,-1.34509876,8.33737895e-09,6.53567249,1.46422130,-1
7.67889151e+07,1.49999800e-01,-3.70150654e-16,-2.39785628,3.39481492,-4.65880830e-01,-1.34509877,8.06476019e-09,6.54191204,1.48440583,-1
8.08585218e+07,1.49999799e-01,-3.52787713e-16,-2.41184299,3.39474348,-4.72731307e-01,-1.34509877,7.80237408e-09,6.54817654,1.50470965,-1
8.51456302e+07,1.49999797e-01,-3.36204568e-16,-2.42586887,3.39467794,-4.79613157e-01,-1.34509877,7.54869715e-09,6.55447123,1.52514046,-1
8.96578033e+07,1.49999796e-01,-3.20340140e-16,-2.43992434,3.39462263,-4.86530278e-01,-1.34509877,7.30336770e-09,6.56079941,1.54569739,-1
9.44082791e+07,1.49999794e-01,-3.05169436e-16,-2.45402106,3.39457598,-4.93485331e-01,-1.34509877,7.06606496e-09,6.56716160,1.56637464,-1
9.94099354e+07,1.49999793e-01,-2.90661516e-16,-2.46816236,3.39453820,-5.00480427e-01,-1.34509877,6.83648668e-09,6.57355944,1.58718613,-1
1.04674580e+08,1.49999791e-01,-2.76788907e-16,-2.48234829,3.39450969,-5.07516372e-01,-1.34509877,6.61437767e-09,6.57999326,1.60812426,-1
1.10217241e+08,1.49999790e-01,-2.63522344e-16,-2.49658760,3.39448759,-5.14591834e-01,-1.34509877,6.39917591e-09,6.58646018,1.62918588,-1
1.16052609e+08,1.49999788e-01,-2.50853446e-16,-2.51086041,3.39447552,-5.21704088e-01,-1.34509877,6.19128242e-09,6.59295548,1.65035885,-1
1.22193455e+08,1.49999787e-01,-2.38743139e-16,-2.52518747,3.39446525,-5.28847080e-01,-1.34509877,5.98945949e-09,6.59947117,1.67162957,-1
1.28661993e+08,1.49999785e-01,-2.27187856e-16,-2.53954522,3.39446067,-5.36016799e-01,-1.34509877,5.79415212e-09,6.60600096,1.69298868,-1
1.35467620e+08,1.49999784e-01,-2.16173038e-16,-2.55393634,3.39445853,-5.43208084e-01,-1.34509877,5.60524316e-09,6.61253800,1.71442283,-1
1.42635430e+08,1.49999782e-01,-2.05661644e-16,-2.56837092,3.39445398,-5.50416264e-01,-1.34509877,5.42170120e-09,6.61907784,1.73592168,-1
1.50180840e+08,1.49999781e-01,-1.95643911e-16,-2.58283093,3.39444851,-5.57635334e-01,-1.34509877,5.24382484e-09,6.62561611,1.75746860,-1
1.58121046e+08,1.49999779e-01,-1.86103517e-16,-2.59730168,3.39444222,-5.64858122e-01,-1.34509877,5.07155469e-09,6.63214569,1.77903605,-1
1.66487987e+08,1.49999778e-01,-1.77038788e-16,-2.61176603,3.39443472,-5.72075306e-01,-1.34509877,4.90504323e-09,6.63865648,1.80060143,-1
1.75295448e+08,1.49999776e-01,-1.68428729e-16,-2.62620233,3.39442679,-5.79277593e-01,-1.34509877,4.74422325e-09,6.64513951,1.82213271,-1
1.84566908e+08,1.49999775e-01,-1.60261269e-16,-2.64059235,3.39441708,-5.86453188e-01,-1.34509877,4.58905232e-09,6.65158321,1.84359946,-1
1.94340057e+08,1.49999773e-01,-1.52534964e-16,-2.65491008,3.39440511,-5.93588116e-01,-1.34509877,4.43966845e-09,6.65797482,1.86495694,-1
2.04630462e+08,1.49999772e-01,-1.45234695e-16,-2.66910831,3.39439597,-6.00668937e-01,-1.34509877,4.29637989e-09,6.66430166,1.88616868,-1
2.15472485e+08,1.49999770e-01,-1.38353066e-16,-2.68316297,3.39438533,-6.07674996e-01,-1.34509877,4.15902402e-09,6.67054380,1.90715979,-1
2.26901256e+08,1.49999769e-01,-1.31878738e-16,-2.69704354,3.39437261,-6.14589836e-01,-1.34509877,4.02758652e-09,6.67668663,1.92788242,-1
2.38940008e+08,1.49999767e-01,-1.25799710e-16,-2.71071099,3.39435739,-6.21393131e-01,-1.34509877,3.90210460e-09,6.68271278,1.94827922,-1
2.51640983e+08,1.49999766e-01,-1.20117567e-16,-2.72410472,3.39434120,-6.28057606e-01,-1.34509877,3.78289705e-09,6.68859693,1.96827072,-1
2.65026336e+08,1.49999764e-01,-1.14808862e-16,-2.73720395,3.39431691,-6.34558640e-01,-1.34509877,3.66940874e-09,6.69431857,1.98778515,-1
2.79143775e+08,1.49999763e-01,-1.09878263e-16,-2.74992322,3.39429129,-6.40867049e-01,-1.34509877,3.56234385e-09,6.69985199,2.00672331,-1
2.94046199e+08,1.49999761e-01,-1.05320369e-16,-2.76220198,3.39426252,-6.46948880e-01,-1.34509877,3.46172640e-09,6.70516757,2.02498507,-1
3.09769347e+08,1.49999759e-01,-1.01130119e-16,-2.77397352,3.39423300,-6.52775612e-01,-1.34509877,3.36790779e-09,6.71024179,2.04248000,-1
3.26363693e+08,1.49999758e-01,-9.72903799e-17,-2.78519357,3.39419688,-6.58313396e-01,-1.34509877,3.28041506e-09,6.71504715,2.05910746,-1
3.43880044e+08,1.49999756e-01,-9.37985822e-17,-2.79578379,3.39415866,-6.63532058e-01,-1.34509877,3.19967753e-09,6.71956030,2.07478006,-1
3.62368383e+08,1.49999754e-01,-9.06449352e-17,-2.80568950,3.39411893,-6.68405452e-01,-1.34509877,3.12573284e-09,6.72376082,2.08941537,-1
3.81919681e+08,1.49999753e-01,-8.78273991e-17,-2.81482632,3.39407829,-6.72892582e-01,-1.34509877,3.05870872e-09,6.72761589,2.10288962,-1
4.02540041e+08,1.49999751e-01,-8.53204021e-17,-2.82319488,3.39403719,-6.76994670e-01,-1.34509877,2.99833149e-09,6.73113068,2.11520709,-1
4.24307188e+08,1.49999749e-01,-8.31127561e-17,-2.83075634,3.39399608,-6.80693186e-01,-1.34509877,2.94446629e-09,6.73429080,2.12630882,-1
4.47310923e+08,1.49999747e-01,-8.11931688e-17,-2.83746598,3.39395958,-6.83974996e-01,-1.34509877,2.89717167e-09,6.73708807,2.13616157,-1
4.71629781e+08,1.49999745e-01,-7.95466105e-17,-2.84334973,3.39392210,-6.86841911e-01,-1.34509877,2.85605879e-09,6.73952719,2.14477263,-1
4.97297986e+08,1.49999743e-01,-7.81379013e-17,-2.84844427,3.39388752,-6.89320011e-01,-1.34509877,2.82048764e-09,6.74163190,2.15221207,-1
5.24331775e+08,1.49999741e-01,-7.69397456e-17,-2.85281279,3.39385650,-6.91442248e-01,-1.34509877,2.78991984e-09,6.74343197,2.15858367,-1
5.52894075e+08,1.49999739e-01,-7.59426286e-17,-2.85646895,3.39382961,-6.93216539e-01,-1.34509877,2.76423432e-09,6.74493521,2.16391349,-1
5.83101737e+08,1.49999737e-01,-7.51232638e-17,-2.85946593,3.39380694,-6.94669685e-01,-1.34509877,2.74288896e-09,6.74616566,2.16827828,-1
6.14932596e+08,1.49999734e-01,-7.44466479e-17,-2.86191868,3.39378808,-6.95858349e-01,-1.34509877,2.72507204e-09,6.74717180,2.17184773,-1
6.48426791e+08,1.49999732e-01,-7.38864616e-17,-2.86391179,3.39377270,-6.96824133e-01,-1.34509877,2.71012192e-09,6.74798966,2.17474826,-1
6.83691755e+08,1.49999729e-01,-7.34227063e-17,-2.86550351,3.39376042,-6.97595438e-01,-1.34509877,2.69751753e-09,6.74864347,2.17706391,-1
7.21335587e+08,1.49999727e-01,-7.30593942e-17,-2.86669099,3.39375218,-6.98172708e-01,-1.34509877,2.68747222e-09,6.74913341,2.17879743,-1
7.60818630e+08,1.49999724e-01,-7.27558372e-17,-2.86765491,3.39374545,-6.98641206e-01,-1.34509877,2.67897564e-09,6.74953197,2.18020500,-1
8.01709684e+08,1.49999721e-01,-7.24965387e-17,-2.86845507,3.39373974,-6.99029858e-01,-1.34509877,2.67162898e-09,6.74986348,2.18137335,-1
8.46276948e+08,1.49999717e-01,-7.23166316e-17,-2.86896889,3.39373651,-6.99280314e-01,-1.34509877,2.66640579e-09,6.75007898,2.18212597,-1
8.92180221e+08,1.49999714e-01,-7.21560360e-17,-2.86941989,3.39373387,-6.99500523e-01,-1.34509877,2.66172287e-09,6.75026917,2.18278751,-1
9.41161002e+08,1.49999711e-01,-7.20398946e-17,-2.86972629,3.39373257,-6.99651121e-01,-1.34509877,2.65828371e-09,6.75040112,2.18323942,-1
9.92520012e+08,1.49999707e-01,-7.19445471e-17,-2.86996979,3.39373188,-6.99771494e-01,-1.34509877,2.65543904e-09,6.75050785,2.18360075,-1
1.04679344e+09,1.49999703e-01,-7.18746815e-17,-2.87013622,3.39373193,-6.99854826e-01,-1.34509877,2.65332289e-09,6.75058367,2.18385108,-1
1.10387687e+09,1.49999699e-01,-7.18187256e-17,-2.87026481,3.39373242,-6.99920095e-01,-1.34509877,2.65162009e-09,6.75064473,2.18404717,-1
1.16450047e+09,1.49999695e-01,-7.17802939e-17,-2.87034570,3.39373345,-6.99962607e-01,-1.34509877,2.65043803e-09,6.75068718,2.18417490,-1
1.22730747e+09,1.49999690e-01,-7.17473964e-17,-2.87041237,3.39373466,-6.99998353e-01,-1.34509877,2.64942295e-09,6.75072413,2.18428242,-1
1.29555046e+09,1.49999685e-01,-7.17282777e-17,-2.87044361,3.39373630,-7.00017258e-01,-1.34509877,2.64882355e-09,6.75074738,2.18433959,-1
1.36379346e+09,1.49999680e-01,-7.17091590e-17,-2.87047485,3.39373795,-7.00036163e-01,-1.34509877,2.64822416e-09,6.75077064,2.18439676,-1
1.44107180e+09,1.49999675e-01,-7.17012058e-17,-2.87048059,3.39374008,-7.00043303e-01,-1.34509877,2.64797025e-09,6.75078506,2.18441851,-1
1.51845736e+09,1.49999669e-01,-7.16933851e-17,-2.87048603,3.39374222,-7.00050303e-01,-1.34509877,2.64772044e-09,6.75079937,2.18443983,-1
1.60194425e+09,1.49999663e-01,-7.16888287e-17,-2.87048440,3.39374460,-7.00054238e-01,-1.34509877,2.64757384e-09,6.75081176,2.18445230,-1
1.69030020e+09,1.49999657e-01,-7.16868773e-17,-2.87047713,3.39374716,-7.00055727e-01,-1.34509877,2.64750961e-09,6.75082262,2.18445769,-1
1.77865616e+09,1.49999651e-01,-7.16849260e-17,-2.87046985,3.39374972,-7.00057217e-01,-1.34509877,2.64744537e-09,6.75083347,2.18446308,0
1.86973496e+09,1.49999644e-01,-7.16857489e-17,-2.87045585,3.39375240,-7.00055566e-01,-1.34509877,2.64746442e-09,6.75084182,2.18445848,0
1.96081376e+09,1.49999638e-01,-7.16865719e-17,-2.87044184,3.39375507,-7.00053915e-01,-1.34509877,2.64748346e-09,6.75085017,2.18445388,0
2.05223701e+09,1.49999631e-01,-7.16874354e-17,-2.87042782,3.39375776,-7.00052276e-01,-1.34509877,2.64750410e-09,6.75085857,2.18444931,0
2.15748723e+09,1.49999623e-01,-7.16899269e-17,-2.87041304,3.39376087,-7.00051110e-01,-1.34509877,2.64758913e-09,6.75086902,2.18444606,0
2.26273745e+09,1.49999616e-01,-7.16924184e-17,-2.87039825,3.39376399,-7.00049945e-01,-1.34509877,2.64767416e-09,6.75087946,2.18444281,0
2.36798768e+09,1.49999608e-01,-7.16949098e-17,-2.87038347,3.39376710,-7.00048779e-01,-1.34509877,2.64775920e-09,6.75088990,2.18443956,0
2.48912529e+09,1.49999600e-01,-7.16974583e-17,-2.87036456,3.39377070,-7.00046522e-01,-1.34509877,2.64783819e-09,6.75090119,2.18443343,0
2.61138071e+09,1.49999591e-01,-7.17000108e-17,-2.87034536,3.39377433,-7.00044188e-01,-1.34509877,2.64791676e-09,6.75091254,2.18442709,0
2.73363612e+09,1.49999582e-01,-7.17025633e-17,-2.87032616,3.39377796,-7.00041853e-01,-1.34509877,2.64799532e-09,6.75092389,2.18442076,0
2.87103249e+09,1.49999572e-01,-7.17057903e-17,-2.87030419,3.39378203,-7.00039002e-01,-1.34509877,2.64809772e-09,6.75093633,2.18441299,0
3.01369366e+09,1.49999562e-01,-7.17092518e-17,-2.87028126,3.39378625,-7.00035970e-01,-1.34509877,2.64820840e-09,6.75094914,2.18440473,0
3.15635482e+09,1.49999552e-01,-7.17127134e-17,-2.87025833,3.39379046,-7.00032938e-01,-1.34509877,2.64831908e-09,6.75096196,2.18439646,0
3.31026020e+09,1.49999541e-01,-7.17165098e-17,-2.87023330,3.39379502,-7.00029544e-01,-1.34509877,2.64843759e-09,6.75097571,2.18438694,0
3.47740784e+09,1.49999529e-01,-7.17207008e-17,-2.87020580,3.39379999,-7.00025722e-01,-1.34509877,2.64856534e-09,6.75099056,2.18437594,0
3.64455548e+09,1.49999517e-01,-7.17248917e-17,-2.87017830,3.39380495,-7.00021900e-01,-1.34509877,2.64869309e-09,6.75100542,2.18436493,0
3.81455179e+09,1.49999505e-01,-7.17291683e-17,-2.87015025,3.39381000,-7.00017976e-01,-1.34509877,2.64882388e-09,6.75102051,2.18435365,0
4.01108282e+09,1.49999490e-01,-7.17342434e-17,-2.87011702,3.39381587,-7.00013089e-01,-1.34509877,2.64898296e-09,6.75103776,2.18433977,0
4.20761384e+09,1.49999476e-01,-7.17393186e-17,-2.87008379,3.39382173,-7.00008202e-01,-1.34509877,2.64914204e-09,6.75105502,2.18432590,0
4.40414486e+09,1.49999462e-01,-7.17443937e-17,-2.87005057,3.39382759,-7.00003316e-01,-1.34509877,2.64930112e-09,6.75107228,2.18431202,0
4.62414031e+09,1.49999447e-01,-7.17502146e-17,-2.87001281,3.39383415,-6.99997552e-01,-1.34509877,2.64948206e-09,6.75109132,2.18429583,0
4.85593104e+09,1.49999430e-01,-7.17564104e-17,-2.86997278,3.39384106,-6.99991348e-01,-1.34509877,2.64967398e-09,6.75111125,2.18427846,0
5.08772178e+09,1.49999413e-01,-7.17626062e-17,-2.86993274,3.39384796,-6.99985143e-01,-1.34509877,2.64986590e-09,6.75113118,2.18426110,0
5.32687869e+09,1.49999396e-01,-7.17690358e-17,-2.86989121,3.39385509,-6.99978634e-01,-1.34509877,2.65006461e-09,6.75115165,2.18424281,0
5.60098076e+09,1.49999376e-01,-7.17765748e-17,-2.86984259,3.39386327,-6.99970682e-01,-1.34509877,2.65029552e-09,6.75117466,2.18422011,0
5.87508283e+09,1.49999357e-01,-7.17841138e-17,-2.86979396,3.39387145,-6.99962730e-01,-1.34509877,2.65052643e-09,6.75119767,2.18419741,0
6.14918489e+09,1.49999337e-01,-7.17916527e-17,-2.86974534,3.39387963,-6.99954778e-01,-1.34509877,2.65075734e-09,6.75122068,2.18417471,0
6.45533351e+09,1.49999315e-01,-7.18002713e-17,-2.86968987,3.39388876,-6.99945311e-01,-1.34509877,2.65101848e-09,6.75124587,2.18414781,0
6.78020888e+09,1.49999292e-01,-7.18095208e-17,-2.86963041,3.39389845,-6.99934958e-01,-1.34509877,2.65129729e-09,6.75127232,2.18411845,0
7.10508426e+09,1.49999268e-01,-7.18187702e-17,-2.86957094,3.39390814,-6.99924605e-01,-1.34509877,2.65157611e-09,6.75129877,2.18408908,0
7.43264703e+09,1.49999245e-01,-7.18281164e-17,-2.86951086,3.39391791,-6.99914109e-01,-1.34509877,2.65185764e-09,6.75132540,2.18405928,0
7.81845009e+09,1.49999217e-01,-7.18395577e-17,-2.86943739,3.39392948,-6.99900506e-01,-1.34509877,2.65219815e-09,6.75135581,2.18401994,0
8.20425314e+09,1.49999189e-01,-7.18509991e-17,-2.86936392,3.39394105,-6.99886903e-01,-1.34509877,2.65253866e-09,6.75138621,2.18398060,0
8.59005620e+09,1.49999162e-01,-7.18624404e-17,-2.86929044,3.39395262,-6.99873300e-01,-1.34509877,2.65287916e-09,6.75141662,2.18394126,0
9.00652393e+09,1.49999132e-01,-7.18750816e-17,-2.86920950,3.39396511,-6.99857819e-01,-1.34509877,2.65325402e-09,6.75144875,2.18389666,0
9.46543989e+09,1.49999099e-01,-7.18893837e-17,-2.86911820,3.39397890,-6.99839740e-01,-1.34509877,2.65367644e-09,6.75148327,2.18384477,0
9.92435585e+09,1.49999066e-01,-7.19036858e-17,-2.86902691,3.39399268,-6.99821661e-01,-1.34509877,2.65409885e-09,6.75151779,2.18379288,0
1.03832718e+10,1.49999033e-01,-7.19179879e-17,-2.86893562,3.39400646,-6.99803581e-01,-1.34509877,2.65452126e-09,6.75155232,2.18374099,0
1.09091079e+10,1.49998995e-01,-7.19351132e-17,-2.86882688,3.39402227,-6.99780832e-01,-1.34509877,2.65501732e-09,6.75159008,2.18367493,0
1.14557590e+10,1.49998956e-01,-7.19531167e-17,-2.86871272,3.39403871,-6.99756630e-01,-1.34509877,2.65553628e-09,6.75162885,2.18360445,0
1.20024100e+10,1.49998916e-01,-7.19711202e-17,-2.86859855,3.39405515,-6.99732429e-01,-1.34509877,2.65605525e-09,6.75166762,2.18353398,0
1.25573795e+10,1.49998876e-01,-7.19895046e-17,-2.86848202,3.39407185,-6.99707550e-01,-1.34509877,2.65658461e-09,6.75170671,2.18346155,0
1.32093121e+10,1.49998829e-01,-7.20123303e-17,-2.86833783,3.39409151,-6.99674781e-01,-1.34509877,2.65723515e-09,6.75174962,2.18336635,0
1.38612446e+10,1.49998782e-01,-7.20351560e-17,-2.86819364,3.39411117,-6.99642011e-01,-1.34509877,2.65788569e-09,6.75179252,2.18327115,0
1.45131772e+10,1.49998735e-01,-7.20579817e-17,-2.86804944,3.39413084,-6.99609242e-01,-1.34509877,2.65853623e-09,6.75183542,2.18317595,0
1.52121567e+10,1.49998685e-01,-7.20832033e-17,-2.86789068,3.39415193,-6.99572055e-01,-1.34509877,2.65924864e-09,6.75187962,2.18306754,0
1.59904261e+10,1.49998629e-01,-7.21124629e-17,-2.86770735,3.39417545,-6.99527424e-01,-1.34509877,2.66006531e-09,6.75192601,2.18293685,0
1.67686955e+10,1.49998572e-01,-7.21417226e-17,-2.86752402,3.39419897,-6.99482792e-01,-1.34509877,2.66088199e-09,6.75197239,2.18280616,0
1.75469649e+10,1.49998516e-01,-7.21709822e-17,-2.86734070,3.39422248,-6.99438160e-01,-1.34509877,2.66169866e-09,6.75201878,2.18267547,0
1.84232432e+10,1.49998453e-01,-7.22057548e-17,-2.86712409,3.39424901,-6.99382904e-01,-1.34509877,2.66265816e-09,6.75206660,2.18251387,0
1.93531149e+10,1.49998386e-01,-7.22435420e-17,-2.86688928,3.39427718,-6.99321839e-01,-1.34509877,2.66369577e-09,6.75211521,2.18233537,0
2.02829866e+10,1.49998318e-01,-7.22813291e-17,-2.86665447,3.39430535,-6.99260773e-01,-1.34509877,2.66473338e-09,6.75216382,2.18215686,0
2.12128583e+10,1.49998251e-01,-7.23191162e-17,-2.86641965,3.39433352,-6.99199708e-01,-1.34509877,2.66577099e-09,6.75221243,2.18197836,0
2.23072481e+10,1.49998172e-01,-7.23672137e-17,-2.86612412,3.39436666,-6.99118222e-01,-1.34509877,2.66706547e-09,6.75226079,2.18173810,0
2.34190391e+10,1.49998091e-01,-7.24164016e-17,-2.86582217,3.39440032,-6.99034576e-01,-1.34509877,2.66838712e-09,6.75230913,2.18149131,0
2.45308300e+10,1.49998011e-01,-7.24655895e-17,-2.86552021,3.39443399,-6.98950930e-01,-1.34509877,2.66970877e-09,6.75235747,2.18124452,0
2.56750506e+10,1.49997928e-01,-7.25170266e-17,-2.86520519,3.39446863,-6.98862704e-01,-1.34509877,2.67108671e-09,6.75240526,2.18098433,0
2.70051375e+10,1.49997831e-01,-7.25813544e-17,-2.86481528,3.39450887,-6.98748233e-01,-1.34509877,2.67278722e-09,6.75244987,2.18064740,0
2.83352245e+10,1.49997734e-01,-7.26456823e-17,-2.86442536,3.39454912,-6.98633762e-01,-1.34509877,2.67448774e-09,6.75249449,2.18031047,0
2.96653114e+10,1.49997637e-01,-7.27100101e-17,-2.86403544,3.39458936,-6.98519291e-01,-1.34509877,2.67618826e-09,6.75253910,2.17997353,0
3.10952763e+10,1.49997533e-01,-7.27820324e-17,-2.86360255,3.39463254,-6.98389192e-01,-1.34509877,2.67807742e-09,6.75258034,2.17958977,0
3.26873048e+10,1.49997417e-01,-7.28665399e-17,-2.86309992,3.39468046,-6.98233735e-01,-1.34509877,2.68027268e-09,6.75261608,2.17913002,0
3.42793334e+10,1.49997300e-01,-7.29510473e-17,-2.86259729,3.39472839,-6.98078279e-01,-1.34509877,2.68246794e-09,6.75265182,2.17867027,0
3.58713620e+10,1.49997184e-01,-7.30355548e-17,-2.86209467,3.39477632,-6.97922822e-01,-1.34509877,2.68466320e-09,6.75268757,2.17821052,0
3.76533535e+10,1.49997053e-01,-7.31359875e-17,-2.86150491,3.39482968,-6.97734662e-01,-1.34509877,2.68724857e-09,6.75270643,2.17764078,0
3.95596850e+10,1.49996913e-01,-7.32468440e-17,-2.86085811,3.39488660,-6.97525096e-01,-1.34509877,2.69008928e-09,6.75271426,2.17699904,0
4.14660165e+10,1.49996773e-01,-7.33577006e-17,-2.86021131,3.39494351,-6.97315531e-01,-1.34509877,2.69293000e-09,6.75272208,2.17635729,0
4.33723480e+10,1.49996633e-01,-7.34685571e-17,-2.85956451,3.39500043,-6.97105965e-01,-1.34509877,2.69577071e-09,6.75272990,2.17571555,0
4.55876792e+10,1.49996469e-01,-7.36075996e-17,-2.85877903,3.39506563,-6.96843634e-01,-1.34509877,2.69931868e-09,6.75273011,2.17493379,0
4.78711332e+10,1.49996300e-01,-7.37528559e-17,-2.85796299,3.39513266,-6.96569670e-01,-1.34509876,2.70302258e-09,6.75272863,2.17412115,0
5.01545873e+10,1.49996131e-01,-7.38981122e-17,-2.85714694,3.39519969,-6.96295706e-01,-1.34509876,2.70672648e-09,6.75272716,2.17330852,0
5.24504663e+10,1.49995961e-01,-7.40445014e-17,-2.85632539,3.39526704,-6.96019617e-01,-1.34509876,2.71045839e-09,6.75272465,2.17248911,0
5.51863915e+10,1.49995757e-01,-7.42310124e-17,-2.85530912,3.39534542,-6.95668253e-01,-1.34509876,2.71518242e-09,6.75268554,2.17143001,0
5.79223167e+10,1.49995552e-01,-7.44175234e-17,-2.85429286,3.39542381,-6.95316889e-01,-1.34509876,2.71990646e-09,6.75264643,2.17037090,0
6.06582418e+10,1.49995348e-01,-7.46040344e-17,-2.85327659,3.39550219,-6.94965525e-01,-1.34509876,2.72463049e-09,6.75260732,2.16931179,0
6.35188703e+10,1.49995133e-01,-7.48020496e-17,-2.85221112,3.39558337,-6.94595152e-01,-1.34509876,2.72964754e-09,6.75256336,2.16819960,0
6.67976660e+10,1.49994885e-01,-7.50386418e-17,-2.85098069,3.39567392,-6.94161034e-01,-1.34509876,2.73564717e-09,6.75250312,2.16690938,0
7.00764617e+10,1.49994637e-01,-7.52752340e-17,-2.84975025,3.39576447,-6.93726916e-01,-1.34509876,2.74164680e-09,6.75244287,2.16561916,0
7.33552574e+10,1.49994389e-01,-7.55118262e-17,-2.84851982,3.39585502,-6.93292798e-01,-1.34509876,2.74764643e-09,6.75238263,2.16432894,0
7.69121413e+10,1.49994118e-01,-7.57720156e-17,-2.84719494,3.39595116,-6.92822642e-01,-1.34509876,2.75425243e-09,6.75231008,2.16293158,0
8.08422523e+10,1.49993816e-01,-7.60638753e-17,-2.84574332,3.39605481,-6.92304121e-01,-1.34509876,2.76167228e-09,6.75222102,2.16139041,0
8.47723633e+10,1.49993515e-01,-7.63557349e-17,-2.84429170,3.39615845,-6.91785599e-01,-1.34509876,2.76909212e-09,6.75213195,2.15984924,0
8.87024744e+10,1.49993213e-01,-7.66475945e-17,-2.84284008,3.39626209,-6.91267078e-01,-1.34509876,2.77651196e-09,6.75204289,2.15830807,0
9.30967352e+10,1.49992872e-01,-7.69936929e-17,-2.84125865,3.39637404,-6.90700249e-01,-1.34509876,2.78552576e-09,6.75193980,2.15662220,0
9.77755750e+10,1.49992507e-01,-7.73730459e-17,-2.83959762,3.39649107,-6.90103801e-01,-1.34509876,2.79551684e-09,6.75182812,2.15484761,0
1.02454415e+11,1.49992141e-01,-7.77523990e-17,-2.83793659,3.39660811,-6.89507354e-01,-1.34509875,2.80550792e-09,6.75171643,2.15307302,0
1.07208920e+11,1.49991769e-01,-7.81387114e-17,-2.83625919,3.39672633,-6.88905103e-01,-1.34509875,2.81569988e-09,6.75160382,2.15128129,0
1.12697053e+11,1.49991333e-01,-7.85924995e-17,-2.83442306,3.39685610,-6.88246579e-01,-1.34509875,2.82783943e-09,6.75148230,2.14932337,0
1.18185186e+11,1.49990896e-01,-7.90462877e-17,-2.83258694,3.39698587,-6.87588055e-01,-1.34509875,2.83997898e-09,6.75136078,2.14736545,0
1.23673320e+11,1.49990459e-01,-7.95000758e-17,-2.83075082,3.39711564,-6.86929531e-01,-1.34509875,2.85211853e-09,6.75123925,2.14540753,0
1.29937825e+11,1.49989953e-01,-8.00013909e-17,-2.82878759,3.39725633,-6.86229314e-01,-1.34509875,2.86554531e-09,6.75111848,2.14332590,0
1.36280754e+11,1.49989439e-01,-8.05075067e-17,-2.82681153,3.39739814,-6.85524886e-01,-1.34509875,2.87910211e-09,6.75099779,2.14123178,0
1.42628035e+11,1.49988925e-01,-8.10138006e-17,-2.82483495,3.39753999,-6.84820311e-01,-1.34509875,2.89266346e-09,6.75087716,2.13913722,0
1.49874877e+11,1.49988327e-01,-8.15568856e-17,-2.82275226,3.39769324,-6.84085454e-01,-1.34509875,2.90716461e-09,6.75076861,2.13695370,0
1.57121719e+11,1.49987729e-01,-8.20999705e-17,-2.82066956,3.39784648,-6.83350597e-01,-1.34509874,2.92166576e-09,6.75066007,2.13477019,0
1.64664046e+11,1.49987103e-01,-8.26511990e-17,-2.81856247,3.39800316,-6.82610403e-01,-1.34509874,2.93636321e-09,6.75055821,2.13257130,0
1.72876293e+11,1.49986414e-01,-8.32208900e-17,-2.81640003,3.39816762,-6.81858109e-01,-1.34509874,2.95150574e-09,6.75047150,2.13033760,0
1.81088539e+11,1.49985725e-01,-8.37905811e-17,-2.81423760,3.39833208,-6.81105815e-01,-1.34509874,2.96664827e-09,6.75038479,2.12810389,0
1.90080541e+11,1.49984960e-01,-8.43750624e-17,-2.81203130,3.39850525,-6.80348987e-01,-1.34509874,2.98215777e-09,6.75032139,2.12585779,0
1.99336099e+11,1.49984170e-01,-8.49645426e-17,-2.80981016,3.39868135,-6.79590626e-01,-1.34509874,2.99779129e-09,6.75026585,2.12360751,0
2.08910339e+11,1.49983348e-01,-8.55581567e-17,-2.80757768,3.39886097,-6.78833617e-01,-1.34509874,3.01353871e-09,6.75022172,2.12136193,0
2.19306338e+11,1.49982445e-01,-8.61624301e-17,-2.80531595,3.39904964,-6.78080091e-01,-1.34509874,3.02957982e-09,6.75020698,2.11912849,0
2.29702337e+11,1.49981542e-01,-8.67667036e-17,-2.80305421,3.39923831,-6.77326566e-01,-1.34509873,3.04562092e-09,6.75019223,2.11689505,0
2.41140298e+11,1.49980534e-01,-8.74268521e-17,-2.80076443,3.39943814,-6.76581348e-01,-1.34509873,3.06353925e-09,6.75021729,2.11468857,0
2.52741396e+11,1.49979510e-01,-8.80957488e-17,-2.79847025,3.39963973,-6.75837431e-01,-1.34509873,3.08175149e-09,6.75024858,2.11248631,0
2.65134627e+11,1.49978403e-01,-8.87993458e-17,-2.79615990,3.39984970,-6.75102195e-01,-1.34509873,3.10113629e-09,6.75031184,2.11031062,0
2.77922406e+11,1.49977256e-01,-8.95202264e-17,-2.79384150,3.40006384,-6.74371284e-01,-1.34509873,3.12110512e-09,6.75039103,2.10814816,0
2.91651629e+11,1.49976012e-01,-9.01635339e-17,-2.79152586,3.40028713,-6.73660036e-01,-1.34509872,3.13840421e-09,6.75051361,2.10604732,0
3.05665108e+11,1.49974738e-01,-9.07834191e-17,-2.78921107,3.40051317,-6.72954725e-01,-1.34509872,3.15489722e-09,6.75064930,2.10396507,0
3.20851435e+11,1.49973342e-01,-9.13745150e-17,-2.78691104,3.40075028,-6.72278923e-01,-1.34509872,3.17049331e-09,6.75084248,2.10197321,0
3.36289214e+11,1.49971920e-01,-9.19594385e-17,-2.78461418,3.40098976,-6.71609447e-01,-1.34509872,3.18589710e-09,6.75104799,2.10000072,0
3.52927897e+11,1.49970371e-01,-9.25488124e-17,-2.78233227,3.40124104,-6.70971067e-01,-1.34509872,3.20159281e-09,6.75131376,2.09812366,0
3.70068616e+11,1.49968769e-01,-9.31400467e-17,-2.78005662,3.40149726,-6.70345685e-01,-1.34509871,3.21741055e-09,6.75160474,2.09628648,0
3.88069236e+11,1.49967074e-01,-9.37394191e-17,-2.77779045,3.40176202,-6.69742114e-01,-1.34509871,3.23360668e-09,6.75193959,2.09451578,0
4.07204867e+11,1.49965258e-01,-9.43495333e-17,-2.77553682,3.40203804,-6.69167331e-01,-1.34509871,3.25030228e-09,6.75233237,2.09283282,0
4.26527874e+11,1.49963421e-01,-9.49599973e-17,-2.77328466,3.40231605,-6.68597270e-01,-1.34509870,3.26703346e-09,6.75273496,2.09116433,0
4.47946903e+11,1.49961357e-01,-9.55743755e-17,-2.77104906,3.40261632,-6.68080021e-01,-1.34509870,3.28416280e-09,6.75324731,2.08965785,0
4.69365932e+11,1.49959293e-01,-9.61887537e-17,-2.76881345,3.40291660,-6.67562772e-01,-1.34509870,3.30129214e-09,6.75375966,2.08815137,0
4.92585849e+11,1.49957030e-01,-9.68015742e-17,-2.76658649,3.40323704,-6.67090173e-01,-1.34509869,3.31859919e-09,6.75436900,2.08678232,0
5.16591789e+11,1.49954682e-01,-9.74137147e-17,-2.76436331,3.40356628,-6.66637062e-01,-1.34509869,3.33598381e-09,6.75502067,2.08547326,0
5.41448234e+11,1.49952238e-01,-9.80243928e-17,-2.76213983,3.40390580,-6.66204358e-01,-1.34509868,3.35342851e-09,6.75571947,2.08422661,0
5.68369235e+11,1.49949564e-01,-9.86315210e-17,-2.75991565,3.40427026,-6.65821194e-01,-1.34509868,3.37101906e-09,6.75653271,2.08313146,0
5.95290235e+11,1.49946891e-01,-9.92386492e-17,-2.75769147,3.40463472,-6.65438029e-01,-1.34509867,3.38860960e-09,6.75734595,2.08203631,0
6.24349231e+11,1.49943967e-01,-1.00343136e-16,-2.75541798,3.40502732,-6.65086473e-01,-1.34509867,3.42326634e-09,6.75826841,2.08104085,0
6.54808713e+11,1.49940883e-01,-1.01180911e-16,-2.75313108,3.40543894,-6.64766270e-01,-1.34509866,3.44899253e-09,6.75927165,2.08014209,0
6.86703806e+11,1.49937634e-01,-1.01828654e-16,-2.75083293,3.40587056,-6.64480427e-01,-1.34509865,3.46843182e-09,6.76036091,2.07934959,0
7.20140803e+11,1.49934207e-01,-1.02472489e-16,-2.74851710,3.40632439,-6.64230171e-01,-1.34509864,3.48792866e-09,6.76154383,2.07866653,0
7.55267536e+11,1.49930584e-01,-1.03081697e-16,-2.74617427,3.40680378,-6.64017534e-01,-1.34509864,3.50643548e-09,6.76283155,2.07809894,0
7.91959039e+11,1.49926781e-01,-1.03619021e-16,-2.74380020,3.40730797,-6.63838884e-01,-1.34509863,3.52267425e-09,6.76421839,2.07763849,0
8.30673654e+11,1.49922744e-01,-1.04161721e-16,-2.74136901,3.40784629,-6.63699941e-01,-1.34509861,3.53929229e-09,6.76573447,2.07730298,0
8.70902367e+11,1.49918522e-01,-1.05120189e-16,-2.73888489,3.40841058,-6.63586443e-01,-1.34509860,3.57013207e-09,6.76734551,2.07704768,0
9.13443727e+11,1.49914024e-01,-1.05787103e-16,-2.73631311,3.40901701,-6.63513422e-01,-1.34509858,3.59121480e-09,6.76910668,2.07692018,0
9.57912111e+11,1.49909294e-01,-1.06462136e-16,-2.73365049,3.40966103,-6.63470153e-01,-1.34509857,3.61264970e-09,6.77099642,2.07688585,0
1.00448352e+12,1.49904312e-01,-1.07062782e-16,-2.73087086,3.41034877,-6.63455811e-01,-1.34509855,3.63160954e-09,6.77302835,2.07694538,0
1.05341383e+12,1.49899043e-01,-1.07728348e-16,-2.72793859,3.41108844,-6.63469021e-01,-1.34509852,3.65277778e-09,6.77522292,2.07709777,0
1.10464967e+12,1.49893483e-01,-1.08713434e-16,-2.72486319,3.41188033,-6.63515105e-01,-1.34509849,3.68482256e-09,6.77758161,2.07735414,0
1.15838338e+12,1.49887609e-01,-1.09515669e-16,-2.72159075,3.41273385,-6.63585922e-01,-1.34509846,3.71070840e-09,6.78011944,2.07769376,0
1.21483403e+12,1.49881392e-01,-1.10234337e-16,-2.71806193,3.41366097,-6.63675751e-01,-1.34509842,3.73420164e-09,6.78285702,2.07809814,0
1.27372922e+12,1.49874853e-01,-1.11369109e-16,-2.71431165,3.41465710,-6.63792881e-01,-1.34509837,3.77240109e-09,6.78578494,2.07859439,0
1.33562265e+12,1.49867917e-01,-1.12337492e-16,-2.71024481,3.41574458,-6.63934417e-01,-1.34509831,3.80569047e-09,6.78895003,2.07917748,0
1.40035309e+12,1.49860599e-01,-1.13472472e-16,-2.70583952,3.41692603,-6.64094669e-01,-1.34509824,3.84534109e-09,6.79234895,2.07982729,0
1.46818440e+12,1.49852846e-01,-1.14713935e-16,-2.70107047,3.41821486,-6.64287805e-01,-1.34509814,3.88955155e-09,6.79602014,2.08059145,0
1.53919703e+12,1.49844643e-01,-1.16093301e-16,-2.69585608,3.41962771,-6.64506315e-01,-1.34509802,3.93955988e-09,6.79998222,2.08144543,0
1.61352125e+12,1.49835949e-01,-1.17465210e-16,-2.69015645,3.42118274,-6.64766546e-01,-1.34509787,3.99084100e-09,6.80427211,2.08244483,0
1.69122985e+12,1.49826739e-01,-1.19213482e-16,-2.68388901,3.42290320,-6.65073742e-01,-1.34509767,4.05695408e-09,6.80892321,2.08360047,0
1.77244310e+12,1.49816973e-01,-1.21055272e-16,-2.67700481,3.42480611,-6.65437480e-01,-1.34509739,4.12828886e-09,6.81397623,2.08494147,0
1.85723030e+12,1.49806613e-01,-1.23104061e-16,-2.66940215,3.42692565,-6.65875222e-01,-1.34509703,4.20955172e-09,6.81948196,2.08652111,0
1.94564171e+12,1.49795618e-01,-1.25357397e-16,-2.66097154,3.42929930,-6.66407210e-01,-1.34509652,4.30146285e-09,6.82549926,2.08840479,0
2.03751948e+12,1.49783972e-01,-1.27870612e-16,-2.65140332,3.43203080,-6.67086101e-01,-1.34509578,4.41013794e-09,6.83209603,2.09076616,0
2.13232746e+12,1.49771684e-01,-1.31094280e-16,-2.64014531,3.43532085,-6.68037201e-01,-1.34509472,4.56156639e-09,6.83935329,2.09397921,0
2.22972205e+12,1.49758735e-01,-1.34704279e-16,-2.62713636,3.43920224,-6.69295501e-01,-1.34509313,4.74615010e-09,6.84733912,2.09814559,0
2.32921801e+12,1.49745120e-01,-1.38874569e-16,-2.61234826,3.44370051,-6.70897996e-01,-1.34509065,4.97149005e-09,6.85611949,2.10337698,0
2.34971420e+12,1.49742262e-01,-1.39773046e-16,-2.60911172,3.44469633,-6.71271377e-01,-1.34508999,5.02221412e-09,6.85801446,2.10458434,0
2.37025369e+12,1.49739379e-01,-1.40556690e-16,-2.60578931,3.44572132,-6.71660139e-01,-1.34508926,5.07038327e-09,6.85994485,2.10583788,0
2.39084427e+12,1.49736469e-01,-1.41692897e-16,-2.60239934,3.44677226,-6.72067034e-01,-1.34508846,5.13274729e-09,6.86191223,2.10714661,0
2.41147518e+12,1.49733533e-01,-1.42585701e-16,-2.59892802,3.44785189,-6.72490633e-01,-1.34508757,5.18789093e-09,6.86391754,2.10850590,0
2.43213348e+12,1.49730573e-01,-1.43670644e-16,-2.59537995,3.44895945,-6.72931722e-01,-1.34508659,5.25161132e-09,6.86595981,2.10991760,0
2.45281540e+12,1.49727587e-01,-1.44743001e-16,-2.59175429,3.45009623,-6.73392454e-01,-1.34508550,5.31660327e-09,6.86804163,2.11138732,0
2.47350517e+12,1.49724579e-01,-1.45805267e-16,-2.58804501,3.45126299,-6.73871344e-01,-1.34508429,5.38299659e-09,6.87016198,2.11291181,0
2.49419868e+12,1.49721546e-01,-1.46957035e-16,-2.58425884,3.45245931,-6.74370882e-01,-1.34508295,5.45449419e-09,6.87232183,2.11449801,0
2.51488018e+12,1.49718492e-01,-1.48153028e-16,-2.58039062,3.45368588,-6.74889921e-01,-1.34508146,5.52952598e-09,6.87452053,2.11614601,0
2.53554177e+12,1.49715416e-01,-1.49232321e-16,-2.57644060,3.45494320,-6.75429541e-01,-1.34507980,5.60210451e-09,6.87675939,2.11785409,0
2.55616660e+12,1.49712324e-01,-1.50225335e-16,-2.57240567,3.45623163,-6.75988945e-01,-1.34507793,5.67333486e-09,6.87903817,2.11962182,0
2.57675392e+12,1.49709212e-01,-1.51493138e-16,-2.56829498,3.45755039,-6.76571114e-01,-1.34507584,5.75689538e-09,6.88135838,2.12145852,0
2.59727343e+12,1.49706085e-01,-1.52790225e-16,-2.56409641,3.45890272,-6.77176492e-01,-1.34507350,5.84381738e-09,6.88371984,2.12336492,0
2.61774393e+12,1.49702938e-01,-1.54195895e-16,-2.55982681,3.46028370,-6.77803649e-01,-1.34507089,5.93685697e-09,6.88612173,2.12533490,0
2.63814212e+12,1.49699774e-01,-1.55605191e-16,-2.55547931,3.46169613,-6.78454763e-01,-1.34506799,6.03227084e-09,6.88856462,2.12737728,0
2.65844000e+12,1.49696600e-01,-1.56796789e-16,-2.55104560,3.46314088,-6.79127413e-01,-1.34506470,6.12143394e-09,6.89104717,2.12948183,0
2.67863994e+12,1.49693413e-01,-1.58230551e-16,-2.54653716,3.46461682,-6.79825074e-01,-1.34506100,6.22223125e-09,6.89357135,2.13166323,0
2.69873391e+12,1.49690214e-01,-1.59850617e-16,-2.54195502,3.46612336,-6.80547070e-01,-1.34505688,6.33268693e-09,6.89613619,2.13391977,0
2.71870498e+12,1.49687005e-01,-1.61349071e-16,-2.53729645,3.46766114,-6.81293354e-01,-1.34505222,6.44069545e-09,6.89874093,2.13624444,0
2.73854436e+12,1.49683787e-01,-1.62787738e-16,-2.53256380,3.46922937,-6.82063490e-01,-1.34504696,6.54862158e-09,6.90138646,2.13864563,0
2.75822724e+12,1.49680566e-01,-1.64375660e-16,-2.52775638,3.47082945,-6.82859930e-01,-1.34504101,6.66510957e-09,6.90407162,2.14112700,0
2.77779670e+12,1.49677332e-01,-1.65973696e-16,-2.52289167,3.47245607,-6.83680832e-01,-1.34503428,6.78412712e-09,6.90679962,2.14367970,0
2.79724428e+12,1.49674088e-01,-1.67560426e-16,-2.51797126,3.47410900,-6.84526484e-01,-1.34502663,6.90477015e-09,6.90957071,2.14630710,0
2.81663132e+12,1.49670824e-01,-1.69109068e-16,-2.51303469,3.47578272,-6.85405640e-01,-1.34501787,7.02542848e-09,6.91240725,2.14898068,0
2.83116142e+12,1.49668356e-01,-1.70355560e-16,-2.51178642,3.47698444,-6.87184949e-01,-1.34573816,7.13091221e-09,6.91596370,2.15817677,0
2.83455416e+12,1.49667790e-01,-1.65047436e-16,-2.51891727,3.47696348,-6.90708445e-01,-1.35039969,6.93538479e-09,6.92245134,2.18704599,0
2.84095862e+12,1.49666726e-01,-1.67157221e-16,-2.51222995,3.47749855,-6.88434917e-01,-1.36648452,6.92959857e-09,6.92993965,2.21856685,0
2.84499697e+12,1.49666045e-01,-1.68990708e-16,-2.50482412,3.47895927,-6.87653447e-01,-1.37786393,6.90535594e-09,6.93589814,2.24026948,0
2.84780389e+12,1.49665564e-01,-1.71117983e-16,-2.49718614,3.48088158,-6.87679080e-01,-1.38629619,6.89559132e-09,6.94090612,2.25666864,0
2.85050284e+12,1.49665093e-01,-1.73605216e-16,-2.48966485,3.48283100,-6.87817275e-01,-1.39469367,6.89289249e-09,6.94603460,2.27313509,0
2.85317886e+12,1.49664621e-01,-1.76263933e-16,-2.48220432,3.48478068,-6.87986378e-01,-1.40324732,6.88784019e-09,6.95130579,2.28990814,0
2.85575603e+12,1.49664156e-01,-1.79037407e-16,-2.47469374,3.48672024,-6.88110203e-01,-1.41197862,6.86598829e-09,6.95660520,2.30666506,0
2.85828783e+12,1.49663694e-01,-1.81970061e-16,-2.46713208,3.48866326,-6.88215412e-01,-1.42086427,6.84996846e-09,6.96199770,2.32303160,0
2.86077931e+12,1.49663232e-01,-1.85044192e-16,-2.45952500,3.49060936,-6.88304074e-01,-1.42988711,6.83913213e-09,6.96747293,2.33905119,0
2.86322698e+12,1.49662767e-01,-1.88354244e-16,-2.45181783,3.49257763,-6.88387018e-01,-1.43911056,6.83790077e-09,6.97328214,2.35377461,0
2.86562306e+12,1.49662306e-01,-1.91726222e-16,-2.44405187,3.49454879,-6.88446362e-01,-1.44834410,6.84073171e-09,6.97893617,2.36810410,0
2.86794807e+12,1.49661851e-01,-1.95170502e-16,-2.43620847,3.49652254,-6.88472172e-01,-1.45757789,6.84872247e-09,6.98434334,2.38195912,0
2.87027705e+12,1.49661385e-01,-1.98924193e-16,-2.42827841,3.49853251,-6.88527082e-01,-1.46698786,6.86597811e-09,6.98965420,2.39406776,0
2.87271570e+12,1.49660888e-01,-2.04840731e-16,-2.42018731,3.50056884,-6.88554184e-01,-1.47702753,6.94253502e-09,6.99491034,2.40320809,0
2.87557226e+12,1.49660292e-01,-2.09285716e-16,-2.41199786,3.50267742,-6.88676613e-01,-1.48905098,6.92199022e-09,7.00015138,2.40519285,0
2.87856980e+12,1.49659655e-01,-2.12577264e-16,-2.40394770,3.50483197,-6.88960647e-01,-1.50163667,6.85120382e-09,7.00483153,2.40433576,0
2.88175312e+12,1.49658967e-01,-2.15978392e-16,-2.39606421,3.50699734,-6.89349625e-01,-1.51498082,6.76767230e-09,7.00864294,2.40023324,0
2.88538418e+12,1.49658169e-01,-2.21373215e-16,-2.38966420,3.50858143,-6.89317800e-01,-1.52981382,6.62958534e-09,7.00910168,2.37910958,0
2.88651469e+12,1.49657917e-01,-2.22160461e-16,-2.38349072,3.51073173,-6.90531662e-01,-1.53407204,6.66366732e-09,7.01316450,2.39716699,0
2.88761747e+12,1.49657671e-01,-2.22935246e-16,-2.37726581,3.51289315,-6.91742045e-01,-1.53822520,6.70110677e-09,7.01728522,2.41563098,0
2.88878786e+12,1.49657405e-01,-2.26349951e-16,-2.36924585,3.51496364,-6.91873063e-01,-1.54307104,6.78528363e-09,7.02073778,2.42589398,0
2.89004370e+12,1.49657114e-01,-2.30737964e-16,-2.36116753,3.51705836,-6.92023329e-01,-1.54829449,6.89110835e-09,7.02429599,2.43418383,0
2.89142529e+12,1.49656788e-01,-2.35542651e-16,-2.35304352,3.51918323,-6.92211061e-01,-1.55411666,6.99934448e-09,7.02768395,2.44029156,0
2.89296568e+12,1.49656418e-01,-2.39696958e-16,-2.34495873,3.52133405,-6.92470315e-01,-1.56070657,7.07577481e-09,7.03058368,2.44501795,0
2.89549659e+12,1.49655797e-01,-2.45509810e-16,-2.33744349,3.52361685,-6.93278302e-01,-1.57141785,7.11306615e-09,7.03343185,2.44262204,0
2.89893366e+12,1.49654940e-01,-2.49489032e-16,-2.33068900,3.52599201,-6.94651375e-01,-1.58570398,7.03225599e-09,7.03554724,2.43546663,0
2.90141393e+12,1.49654316e-01,-2.51430191e-16,-2.32375008,3.52824524,-6.95688359e-01,-1.59576236,7.01415277e-09,7.03790390,2.43774669,0
2.90247796e+12,1.49654045e-01,-2.52563431e-16,-2.31689624,3.53033865,-6.96448258e-01,-1.59989886,7.13649400e-09,7.04203995,2.45502189,0
2.90354199e+12,1.49653775e-01,-2.53696670e-16,-2.31004240,3.53243205,-6.97208157e-01,-1.60403535,7.25883523e-09,7.04617600,2.47229708,0
2.90477095e+12,1.49653455e-01,-2.57261115e-16,-2.30276048,3.53444729,-6.97597674e-01,-1.60915199,7.44326952e-09,7.05078037,2.48897087,0
2.90616162e+12,1.49653087e-01,-2.63209300e-16,-2.29505882,3.53638589,-6.97624039e-01,-1.61522963,7.68858464e-09,7.05584391,2.50505500,0
2.90780672e+12,1.49652640e-01,-2.70237886e-16,-2.28695081,3.53828112,-6.97360502e-01,-1.62273537,7.94804745e-09,7.06117192,2.51938228,0
2.90992070e+12,1.49652054e-01,-2.77966078e-16,-2.27832670,3.54013991,-6.96766011e-01,-1.63261844,8.18672560e-09,7.06611960,2.53035710,0
2.91452619e+12,1.49650741e-01,-2.86994949e-16,-2.27039272,3.54209804,-6.96715295e-01,-1.65435933,8.25766013e-09,7.07075680,2.52968838,0
2.91839617e+12,1.49649624e-01,-2.88944189e-16,-2.26386477,3.54392205,-6.97099325e-01,-1.67224572,8.23634825e-09,7.07476677,2.54111705,0
2.91954099e+12,1.49649290e-01,-2.90922480e-16,-2.25686986,3.54546007,-6.96677916e-01,-1.67751381,8.43351275e-09,7.07966494,2.56688279,0
2.92090903e+12,1.49648884e-01,-2.97520248e-16,-2.24883114,3.54689576,-6.95529940e-01,-1.68435287,8.73665715e-09,7.08534103,2.58979490,0
2.92249070e+12,1.49648402e-01,-3.05937422e-16,-2.24032024,3.54828923,-6.94061426e-01,-1.69225154,9.08528016e-09,7.09167654,2.61074088,0
2.92426899e+12,1.49647846e-01,-3.14364453e-16,-2.23086466,3.54961498,-6.91985135e-01,-1.70131648,9.38875775e-09,7.09730595,2.62707391,0
2.92899382e+12,1.49646320e-01,-3.24145197e-16,-2.22636293,3.55038312,-6.91270542e-01,-1.72584687,9.16145017e-09,7.10090816,2.61167875,0
2.93045705e+12,1.49645847e-01,-3.23391054e-16,-2.21941778,3.55161202,-6.90255786e-01,-1.73330498,9.17375230e-09,7.10592311,2.63418986,0
2.93161071e+12,1.49645472e-01,-3.24504202e-16,-2.21159353,3.55288975,-6.88899109e-01,-1.73912415,9.29550992e-09,7.11133263,2.65973852,0
2.93279801e+12,1.49645075e-01,-3.33129257e-16,-2.20282156,3.55405901,-6.86851645e-01,-1.74490654,9.62970062e-09,7.11655939,2.68245517,0
2.93405061e+12,1.49644644e-01,-3.43985556e-16,-2.19380893,3.55520340,-6.84634107e-01,-1.75078206,1.00347275e-08,7.12218797,2.70410982,0
2.93622570e+12,1.49643867e-01,-3.62377499e-16,-2.18624080,3.55613685,-6.82716959e-01,-1.75672585,1.06279876e-08,7.12789348,2.71748781,0
2.93981973e+12,1.49642548e-01,-3.70476730e-16,-2.17820293,3.55683927,-6.80102865e-01,-1.77354684,1.05683604e-08,7.13245753,2.71066375,0
2.94210145e+12,1.49641705e-01,-3.68937303e-16,-2.17789372,3.55713066,-6.80531035e-01,-1.78412317,1.03138266e-08,7.13458603,2.70975018,0
2.94306787e+12,1.49641351e-01,-3.66246447e-16,-2.17009417,3.55827649,-6.78922922e-01,-1.78857598,1.03752466e-08,7.13971304,2.73677640,0
2.94385626e+12,1.49641053e-01,-3.74402206e-16,-2.16157122,3.55932638,-6.76761214e-01,-1.79190963,1.07816492e-08,7.14482885,2.76179005,0
2.94486113e+12,1.49640664e-01,-3.87731738e-16,-2.15273692,3.56036812,-6.74427545e-01,-1.79356118,1.13965075e-08,7.14991287,2.78541051,0
2.94676396e+12,1.49639903e-01,-4.01600466e-16,-2.14674619,3.56144670,-6.73589339e-01,-1.79356118,1.21262343e-08,7.15593746,2.81657976,0
2.94833376e+12,1.49639266e-01,-4.07507072e-16,-2.13992493,3.56251302,-6.72311349e-01,-1.79356118,1.26562264e-08,7.16081501,2.84727696,0
2.94965717e+12,1.49638719e-01,-4.14896937e-16,-2.13231614,3.56354930,-6.70579525e-01,-1.79356118,1.32600810e-08,7.16469043,2.87590938,0
2.95090151e+12,1.49638193e-01,-4.24551288e-16,-2.12447580,3.56457528,-6.68711300e-01,-1.79356118,1.39772729e-08,7.16808464,2.90396772,0
2.95204267e+12,1.49637699e-01,-4.34309813e-16,-2.11641606,3.56558617,-6.66703215e-01,-1.79356118,1.47492119e-08,7.17053547,2.93147184,0
2.95311412e+12,1.49637225e-01,-4.44469523e-16,-2.10821723,3.56658701,-6.64605476e-01,-1.79356118,1.55877885e-08,7.17253375,2.95857264,0
2.95410240e+12,1.49636778e-01,-4.55071069e-16,-2.09989146,3.56757171,-6.62411998e-01,-1.79356118,1.65012252e-08,7.17363897,2.98536634,0
2.95501841e+12,1.49636353e-01,-4.66140802e-16,-2.09149070,3.56853782,-6.60143842e-01,-1.79356118,1.74984176e-08,7.17356560,3.01202667,0
2.95588418e+12,1.49635941e-01,-4.77815480e-16,-2.08308295,3.56948789,-6.57840094e-01,-1.79356118,1.85869060e-08,7.17200011,3.03873256,0
2.95675891e+12,1.49635514e-01,-4.90739185e-16,-2.07476631,3.57042622,-6.55558431e-01,-1.79356118,1.98143549e-08,7.16901268,3.06575306,0
2.95767137e+12,1.49635057e-01,-5.04425986e-16,-2.06619340,3.57138905,-6.53197647e-01,-1.79356118,2.11977500e-08,7.16664241,3.09163610,0
2.95861802e+12,1.49634571e-01,-5.17231318e-16,-2.05739513,3.57237682,-6.50774046e-01,-1.79356118,2.26950708e-08,7.16506331,3.11642194,0
2.95957882e+12,1.49634064e-01,-5.31141673e-16,-2.04841194,3.57338324,-6.48295299e-01,-1.79356118,2.44090701e-08,7.16400684,3.14023893,0
2.96053854e+12,1.49633545e-01,-5.45712242e-16,-2.03928247,3.57440285,-6.45769789e-01,-1.79356118,2.63424474e-08,7.16324529,3.16324545,0
2.96149014e+12,1.49633015e-01,-5.60744702e-16,-2.03001426,3.57543287,-6.43195717e-01,-1.79356118,2.85101978e-08,7.16268338,3.18545994,0
2.96242198e+12,1.49632482e-01,-5.76348714e-16,-2.02062610,3.57647593,-6.40587756e-01,-1.79356118,3.09780756e-08,7.16228519,3.20691605,0
2.96334183e+12,1.49631942e-01,-5.92642596e-16,-2.01116550,3.57751744,-6.37940473e-01,-1.79356118,3.37867995e-08,7.16195728,3.22798859,0
2.96424098e+12,1.49631398e-01,-6.09505741e-16,-2.00159053,3.57856931,-6.35256742e-01,-1.79356118,3.70325688e-08,7.16163798,3.24829900,0
2.96511269e+12,1.49630856e-01,-6.27010120e-16,-1.99197303,3.57962463,-6.32558629e-01,-1.79356118,4.08504366e-08,7.16131747,3.26832465,0
2.96596107e+12,1.49630313e-01,-6.45109125e-16,-1.98229885,3.58068327,-6.29838815e-01,-1.79356118,4.50133432e-08,7.16100709,3.28797301,0
2.96679118e+12,1.49629767e-01,-6.63948667e-16,-1.97256403,3.58173453,-6.27073917e-01,-1.79356118,4.95017377e-08,7.16071155,3.30732634,0
2.96759805e+12,1.49629220e-01,-6.83383735e-16,-1.96278257,3.58278949,-6.24293111e-01,-1.79356118,5.47262300e-08,7.16044079,3.32634442,0
2.96838528e+12,1.49628671e-01,-7.03525138e-16,-1.95295731,3.58384655,-6.21494596e-01,-1.79356118,6.07000843e-08,7.16019504,3.34505715,0
2.96915085e+12,1.49628121e-01,-7.24350469e-16,-1.94309060,3.58490932,-6.18686794e-01,-1.79356118,6.75262663e-08,7.15997957,3.36343173,0
2.96989779e+12,1.49627568e-01,-7.45891605e-16,-1.93318591,3.58597380,-6.15863397e-01,-1.79356118,7.52717900e-08,7.15978876,3.38153102,0
2.97062541e+12,1.49627015e-01,-7.68128684e-16,-1.92324348,3.58704255,-6.13029678e-01,-1.79356118,8.40253550e-08,7.15962121,3.39932064,2
